count$path$bad_name$	suggested_name
    1$Crustacea/Amphipoda/Ampeliscidae$Byblis linifolia$	Byblis sp_ms_linifolia
    1$Crustacea/Branchiopoda/Sididae$Sida calyxhymenia$	Sida sp_ms_calyxhymenia
    1$Crustacea/Branchiopoda/Sididae$Sida platycalyx$	Sida sp_ms_platycalyx
    1$Crustacea/Decapoda/Epialtidae$Mimulus prostrata$	Mimulus sp_ms_prostrata
    1$Insecta/Coleoptera/Anobiidae$Trichodesma zeylandicum$	Trichodesma sp_ms_zeylandicum
    3$Insecta/Diptera/Asilidae$Craspedia pleiocephala$	Craspedia sp_ms_pleiocephala
    1$Insecta/Diptera/Asilidae$Dasypogon bromeliaefolius$	Dasypogon sp_ms_bromeliaefolius
    4$Insecta/Diptera/Cecidomyiidae$Thomasia petalocalyx$	Thomasia sp_ms_petalocalyx
    1$Insecta/Diptera/Tachinidae$Eugenia armstrongi$	Eugenia sp_ms_armstrongi
    3$Insecta/Diptera/Tachinidae$Eugenia cormiflora$	Eugenia sp_ms_cormiflora
    3$Insecta/Hemiptera/Dipsocoridae$Cryptostemma calendula$	Cryptostemma sp_ms_calendula
    2$Insecta/Lepidoptera/Pieridae$Eurema ebracteata$	Eurema sp_ms_ebracteata
    6$Mollusca/Bivalvia/Verticordiidae$Verticordia & melaleuca densiflora&sp$	Verticordia sp_melaleuca_densiflorasp
    2$Mollusca/Bivalvia/Verticordiidae$Verticordia densiflora caespitosa$	Verticordia sp_densiflora_caespitosa
    3$Mollusca/Bivalvia/Verticordiidae$Verticordia densiflora or lindleyi$	Verticordia sp_densiflora_or_lindleyi
    3$Mollusca/Bivalvia/Verticordiidae$Verticordia dichroma dichroma$	Verticordia sp_dichroma_dichroma
    4$Mollusca/Bivalvia/Verticordiidae$Verticordia dichroma syntoma$	Verticordia sp_dichroma_syntoma
    1$Mollusca/Bivalvia/Verticordiidae$Verticordia duchroma var syntoma$	Verticordia sp_duchroma_var_syntoma
    1$Mollusca/Bivalvia/Verticordiidae$Verticordia lepidophylla var quantula$	Verticordia sp_lepidophylla_var_quantula
    1$Mollusca/Bivalvia/Verticordiidae$Verticordia monadelpha callitricha$	Verticordia sp_monadelpha_callitricha
    1$Mollusca/Bivalvia/Verticordiidae$Verticordia muelleriana muelleriana$	Verticordia sp_muelleriana_muelleriana
    1$Mollusca/Bivalvia/Verticordiidae$Verticordia serrata ciliata$	Verticordia sp_serrata_ciliata
    2$Mollusca/Bivalvia/Verticordiidae$Verticordia serrata serrata$	Verticordia sp_serrata_serrata
    1$Mollusca/Bivalvia/Verticordiidae$Verticordia spicatum$	Verticordia sp_ms_spicatum
    1$Mollusca/Bivalvia/Verticordiidae$Verticordia tumida therogana$	Verticordia sp_tumida_therogana
    6$Mollusca/Gastropoda/Caenogastropoda/Buccinidae$Pollia crispa$	Pollia sp_ms_crispa
    1$Mollusca/Gastropoda/Caenogastropoda/Cerithiidae$Stylidium brunonianum brunonianum$	Stylidium sp_brunonianum_brunonianum
    2$Mollusca/Gastropoda/Caenogastropoda/Cerithiidae$Stylidium near divaricatum & bulbif$	Stylidium sp_near_divaricatum_bulbif
    1$Mollusca/Gastropoda/Opisthobranchia/Limapontiidae$Olea europeae$	Olea sp_ms_europeae
    3$Plantae/Dicotyledoneae/Aizoaceae$Carpobrotus rossi$	Carpobrotus sp_ms_rossi
    1$Plantae/Dicotyledoneae/Aizoaceae$Ruschia unca$	Ruschia sp_ms_unca
    2$Plantae/Dicotyledoneae/Amaranthaceae$Aerva jarvanica$	Aerva sp_ms_jarvanica
    2$Plantae/Dicotyledoneae/Amaranthaceae$Ptilotus calostachys$	Ptilotus sp_ms_calostachys
    3$Plantae/Dicotyledoneae/Amaranthaceae$Ptilotus exaltatus$	Ptilotus sp_ms_exaltatus
    1$Plantae/Dicotyledoneae/Amaranthaceae$Ptilotus gaudichandii$	Ptilotus sp_ms_gaudichandii
    1$Plantae/Dicotyledoneae/Anacardiaceae$Cotinus coggria$	Cotinus sp_ms_coggria
    1$Plantae/Dicotyledoneae/Anacardiaceae$Euroschinus falcata$	Euroschinus sp_ms_falcata
    1$Plantae/Dicotyledoneae/Apiaceae$Platysace maxwelli$	Platysace sp_ms_maxwelli
    2$Plantae/Dicotyledoneae/Apocynaceae$Parsonsia crebriflora$	Parsonsia sp_ms_crebriflora
    2$Plantae/Dicotyledoneae/Araliaceae$Tieghemopanax dioicus$	Tieghemopanax sp_ms_dioicus
    1$Plantae/Dicotyledoneae/Araliaceae$Tieghemopanax sessiliflorus$	Tieghemopanax sp_ms_sessiliflorus
    2$Plantae/Dicotyledoneae/Araliaceae$Trachymene caerulea$	Trachymene sp_ms_caerulea
    1$Plantae/Dicotyledoneae/Araliaceae$Trachymene glancifolia$	Trachymene sp_ms_glancifolia
    1$Plantae/Dicotyledoneae/Asclepiadaceae$Sarcostemma australe$	Sarcostemma sp_ms_australe
    2$Plantae/Dicotyledoneae/Asteraceae$Angianthus micropoides$	Angianthus sp_ms_micropoides
    1$Plantae/Dicotyledoneae/Asteraceae$Brachycome ciliocarpa$	Brachycome sp_ms_ciliocarpa
    1$Plantae/Dicotyledoneae/Asteraceae$Calendula moroccana$	Calendula sp_ms_moroccana
    3$Plantae/Dicotyledoneae/Asteraceae$Erigeron floribundus$	Erigeron sp_ms_floribundus
    3$Plantae/Dicotyledoneae/Asteraceae$Helichrysum apiculatum$	Helichrysum sp_ms_apiculatum
    1$Plantae/Dicotyledoneae/Asteraceae$Helichrysum baxteri$	Helichrysum sp_ms_baxteri
    3$Plantae/Dicotyledoneae/Asteraceae$Helichrysum cassinianum$	Helichrysum sp_ms_cassinianum
    1$Plantae/Dicotyledoneae/Asteraceae$Helichrysum rupiabla$	Helichrysum sp_ms_rupiabla
    2$Plantae/Dicotyledoneae/Asteraceae$Helichrysum rupicola$	Helichrysum sp_ms_rupicola
    1$Plantae/Dicotyledoneae/Asteraceae$Helipterum &/or calotis charsleyae / multicaulis$	Helipterum sp_or_calotis_charsleyae_multicaulis
    4$Plantae/Dicotyledoneae/Asteraceae$Helipterum charsleyae$	Helipterum sp_ms_charsleyae
    1$Plantae/Dicotyledoneae/Asteraceae$Helipterum floribundum$	Helipterum sp_ms_floribundum
    2$Plantae/Dicotyledoneae/Asteraceae$Helipterum jessenii$	Helipterum sp_ms_jessenii
    3$Plantae/Dicotyledoneae/Asteraceae$Helipterum pterochartum$	Helipterum sp_ms_pterochartum
    3$Plantae/Dicotyledoneae/Asteraceae$Helipterum splendidum$	Helipterum sp_ms_splendidum
    2$Plantae/Dicotyledoneae/Asteraceae$Hypochoeris glabra$	Hypochoeris sp_ms_glabra
    3$Plantae/Dicotyledoneae/Asteraceae$Hypochoeris radicans$	Hypochoeris sp_ms_radicans
   16$Plantae/Dicotyledoneae/Asteraceae$Hypochoeris radicata$	Hypochoeris sp_ms_radicata
    1$Plantae/Dicotyledoneae/Asteraceae$Microseris scapigera$	Microseris sp_ms_scapigera
    1$Plantae/Dicotyledoneae/Asteraceae$Moonia trichodesmoides$	Moonia sp_ms_trichodesmoides
    5$Plantae/Dicotyledoneae/Asteraceae$Myriocephalus stuartii$	Myriocephalus sp_ms_stuartii
    1$Plantae/Dicotyledoneae/Asteraceae$Myriocephalus sturtii$	Myriocephalus sp_ms_sturtii
    2$Plantae/Dicotyledoneae/Asteraceae$Olearia pimelioides$	Olearia sp_ms_pimelioides
    1$Plantae/Dicotyledoneae/Asteraceae$Olearia vamulosa$	Olearia sp_ms_vamulosa
    1$Plantae/Dicotyledoneae/Asteraceae$Pluchea baccharoides$	Pluchea sp_ms_baccharoides
    1$Plantae/Dicotyledoneae/Asteraceae$Senecio cunninghami$	Senecio sp_ms_cunninghami
   11$Plantae/Dicotyledoneae/Asteraceae$Senecio lautus$	Senecio sp_ms_lautus
    4$Plantae/Dicotyledoneae/Asteraceae$Senecio odoratus$	Senecio sp_ms_odoratus
    1$Plantae/Dicotyledoneae/Asteraceae$Waitzia citrina$	Waitzia sp_ms_citrina
    1$Plantae/Dicotyledoneae/Boraginaceae$Argusia argentea$	Argusia sp_ms_argentea
    1$Plantae/Dicotyledoneae/Boraginaceae$Cynoglossum australae$	Cynoglossum sp_ms_australae
    2$Plantae/Dicotyledoneae/Boraginaceae$Halgania viscida$	Halgania sp_ms_viscida
    1$Plantae/Dicotyledoneae/Boraginaceae$Halgania viscosa$	Halgania sp_ms_viscosa
    1$Plantae/Dicotyledoneae/Brassicaceae$Menkea & caladrinia australis & granulifera$	Menkea sp_caladrinia_australis_granulifera
    1$Plantae/Dicotyledoneae/Campanulaceae$Wahlenbergia bicolor$	Wahlenbergia sp_ms_bicolor
    2$Plantae/Dicotyledoneae/Campanulaceae$Wahlenbergia tadgelli$	Wahlenbergia sp_ms_tadgelli
    2$Plantae/Dicotyledoneae/Campanulaceae$Wahlenbergia tumidifructii$	Wahlenbergia sp_ms_tumidifructii
    5$Plantae/Dicotyledoneae/Casuarinaceae$Casuarina campestris$	Casuarina sp_ms_campestris
    1$Plantae/Dicotyledoneae/Casuarinaceae$Casuarina rotundus$	Casuarina sp_ms_rotundus
    1$Plantae/Dicotyledoneae/Crassulaceae$Sedum praeanthes$	Sedum sp_ms_praeanthes
    1$Plantae/Dicotyledoneae/Cunoniaceae$Codia discolor$	Codia sp_ms_discolor
    1$Plantae/Dicotyledoneae/Cunoniaceae$Geissois racemiger$	Geissois sp_ms_racemiger
    2$Plantae/Dicotyledoneae/Cunoniaceae$Geissois racemigera$	Geissois sp_ms_racemigera
    1$Plantae/Dicotyledoneae/Cunoniaceae$Pancheria sebertii$	Pancheria sp_ms_sebertii
    1$Plantae/Dicotyledoneae/Cunoniaceae$Pancheria vieillardii$	Pancheria sp_ms_vieillardii
    1$Plantae/Dicotyledoneae/Dilleniaceae$Hibbertia bouletii$	Hibbertia sp_ms_bouletii
    2$Plantae/Dicotyledoneae/Dilleniaceae$Hibbertia deplancheana$	Hibbertia sp_ms_deplancheana
    3$Plantae/Dicotyledoneae/Dilleniaceae$Hibbertia fascicularis$	Hibbertia sp_ms_fascicularis
    2$Plantae/Dicotyledoneae/Dilleniaceae$Hibbertia fasicularis$	Hibbertia sp_ms_fasicularis
    6$Plantae/Dicotyledoneae/Dilleniaceae$Hibbertia lucens$	Hibbertia sp_ms_lucens
    1$Plantae/Dicotyledoneae/Dilleniaceae$Hibbertia nana$	Hibbertia sp_ms_nana
    1$Plantae/Dicotyledoneae/Dilleniaceae$Hibbertia podocarpifolia$	Hibbertia sp_ms_podocarpifolia
    4$Plantae/Dicotyledoneae/Dilleniaceae$Hibbertia prostata$	Hibbertia sp_ms_prostata
    1$Plantae/Dicotyledoneae/Dilleniaceae$Hibbertia pulchella$	Hibbertia sp_ms_pulchella
    1$Plantae/Dicotyledoneae/Dilleniaceae$Hibbertia tontoutensis$	Hibbertia sp_ms_tontoutensis
    1$Plantae/Dicotyledoneae/Dilleniaceae$Hibbertia virotii$	Hibbertia sp_ms_virotii
    1$Plantae/Dicotyledoneae/Dilleniaceae$Tetracera billardieri$	Tetracera sp_ms_billardieri
    1$Plantae/Dicotyledoneae/Dipsacaceae$Scabiosa atroposporea$	Scabiosa sp_ms_atroposporea
    1$Plantae/Dicotyledoneae/Elaeocarpaceae$Elaeocarpus aungustifolius$	Elaeocarpus sp_ms_aungustifolius
    1$Plantae/Dicotyledoneae/Elaeocarpaceae$Elaeocarpus dogyensis$	Elaeocarpus sp_ms_dogyensis
    2$Plantae/Dicotyledoneae/Elaeocarpaceae$Elaeocarpus speciosus$	Elaeocarpus sp_ms_speciosus
    1$Plantae/Dicotyledoneae/Elaeocarpaceae$Elaeocarpus tremulus$	Elaeocarpus sp_ms_tremulus
    1$Plantae/Dicotyledoneae/Elaeocarpaceae$Tremandra quercifolia$	Tremandra sp_ms_quercifolia
    3$Plantae/Dicotyledoneae/Epacridaceae$Styphelia cf. cymbulae$	Styphelia sp_cf_cymbulae
    2$Plantae/Dicotyledoneae/Epacridaceae$Styphelia cymbulae$	Styphelia sp_ms_cymbulae
    1$Plantae/Dicotyledoneae/Epacridaceae$Styphelia pancheri$	Styphelia sp_ms_pancheri
    2$Plantae/Dicotyledoneae/Ericaceae$Cyathodes parvifolia$	Cyathodes sp_ms_parvifolia
    2$Plantae/Dicotyledoneae/Ericaceae$Dracophyllum involucratum$	Dracophyllum sp_ms_involucratum
    1$Plantae/Dicotyledoneae/Ericaceae$Dracophyllum ramosum$	Dracophyllum sp_ms_ramosum
    1$Plantae/Dicotyledoneae/Ericaceae$Dracophyllum verticillatum$	Dracophyllum sp_ms_verticillatum
    6$Plantae/Dicotyledoneae/Ericaceae$Leucopogon parviflora$	Leucopogon sp_ms_parviflora
    1$Plantae/Dicotyledoneae/Ericaceae$Leucopogon virgata$	Leucopogon sp_ms_virgata
    1$Plantae/Dicotyledoneae/Euphorbiaceae$Claoxylon australis$	Claoxylon sp_ms_australis
    1$Plantae/Dicotyledoneae/Euphorbiaceae$Euphorbia hypericifolia$	Euphorbia sp_ms_hypericifolia
    1$Plantae/Dicotyledoneae/Euphorbiaceae$Euphorbia lophogana$	Euphorbia sp_ms_lophogana
    7$Plantae/Dicotyledoneae/Fabaceae$Acacia calamnifolia$	Acacia sp_ms_calamnifolia
    1$Plantae/Dicotyledoneae/Fabaceae$Acacia maitlandii/spondylophylla$	Acacia sp_maitlandiispondylophylla
    1$Plantae/Dicotyledoneae/Fabaceae$Acacia miccronota$	Acacia sp_ms_miccronota
    2$Plantae/Dicotyledoneae/Fabaceae$Acacia none$	Acacia sp_ms_none
    1$Plantae/Dicotyledoneae/Fabaceae$Acacia rotundifolia$	Acacia sp_ms_rotundifolia
    1$Plantae/Dicotyledoneae/Fabaceae$Acacia sowdenii$	Acacia sp_ms_sowdenii
    1$Plantae/Dicotyledoneae/Fabaceae$Aotus ercoides$	Aotus sp_ms_ercoides
    2$Plantae/Dicotyledoneae/Fabaceae$Callistachys lanceolatum$	Callistachys sp_ms_lanceolatum
    1$Plantae/Dicotyledoneae/Fabaceae$Cassia carpa$	Cassia sp_ms_carpa
    4$Plantae/Dicotyledoneae/Fabaceae$Cassia glutinosa$	Cassia sp_ms_glutinosa
    2$Plantae/Dicotyledoneae/Fabaceae$Cassia luersenii$	Cassia sp_ms_luersenii
    1$Plantae/Dicotyledoneae/Fabaceae$Cassia nemophila nemophila$	Cassia sp_nemophila_nemophila
    1$Plantae/Dicotyledoneae/Fabaceae$Crotalaria & malvastrum sp & americanum$	Crotalaria sp_malvastrum_sp_americanum
    1$Plantae/Dicotyledoneae/Fabaceae$Crotalaria eremaea strehlowii$	Crotalaria sp_eremaea_strehlowii
    1$Plantae/Dicotyledoneae/Fabaceae$Daviesia & muris$	Daviesia sp_muris
    1$Plantae/Dicotyledoneae/Fabaceae$Daviesia affin grahami$	Daviesia sp_affin_grahami
   13$Plantae/Dicotyledoneae/Fabaceae$Daviesia aphylla$	Daviesia sp_ms_aphylla
    1$Plantae/Dicotyledoneae/Fabaceae$Daviesia benthamsii humilis$	Daviesia sp_benthamsii_humilis
    1$Plantae/Dicotyledoneae/Fabaceae$Daviesia genestifolia$	Daviesia sp_ms_genestifolia
    1$Plantae/Dicotyledoneae/Fabaceae$Daviesia grahami$	Daviesia sp_ms_grahami
    1$Plantae/Dicotyledoneae/Fabaceae$Daviesia nudula$	Daviesia sp_ms_nudula
    3$Plantae/Dicotyledoneae/Fabaceae$Daviesia olicifolia$	Daviesia sp_ms_olicifolia
    1$Plantae/Dicotyledoneae/Fabaceae$Daviesia or hardenbergia$	Daviesia sp_or_hardenbergia
    1$Plantae/Dicotyledoneae/Fabaceae$Daviesia quadrilinatera$	Daviesia sp_ms_quadrilinatera
    2$Plantae/Dicotyledoneae/Fabaceae$Daviesia ulicina$	Daviesia sp_ms_ulicina
    4$Plantae/Dicotyledoneae/Fabaceae$Jacksonia affin grevilleoides$	Jacksonia sp_affin_grevilleoides
    3$Plantae/Dicotyledoneae/Fabaceae$Jacksonia aphylla$	Jacksonia sp_ms_aphylla
    4$Plantae/Dicotyledoneae/Fabaceae$Jacksonia densiflora$	Jacksonia sp_ms_densiflora
    5$Plantae/Dicotyledoneae/Fabaceae$Jacksonia near sternbergiana$	Jacksonia sp_near_sternbergiana
    1$Plantae/Dicotyledoneae/Fabaceae$Jacksonia stricta$	Jacksonia sp_ms_stricta
    3$Plantae/Dicotyledoneae/Fabaceae$Jacksonia ulicina$	Jacksonia sp_ms_ulicina
    1$Plantae/Dicotyledoneae/Fabaceae$Kunstleria blackii$	Kunstleria sp_ms_blackii
    1$Plantae/Dicotyledoneae/Fabaceae$Oxylobium capitatum$	Oxylobium sp_ms_capitatum
    2$Plantae/Dicotyledoneae/Fabaceae$Pultenaea affin neurocalyx$	Pultenaea sp_affin_neurocalyx
    2$Plantae/Dicotyledoneae/Fabaceae$Pultenaea pedunculeda$	Pultenaea sp_ms_pedunculeda
    2$Plantae/Dicotyledoneae/Fabaceae$Senna artemisoides$	Senna sp_ms_artemisoides
    2$Plantae/Dicotyledoneae/Fabaceae$Sphaerolobium grandifolium$	Sphaerolobium sp_ms_grandifolium
    2$Plantae/Dicotyledoneae/Fabaceae$Swainsona lessetifolia$	Swainsona sp_ms_lessetifolia
    1$Plantae/Dicotyledoneae/Fabaceae$Swainsona occidentalis$	Swainsona sp_ms_occidentalis
    1$Plantae/Dicotyledoneae/Flacourtiaceae$Homalium betutifolium$	Homalium sp_ms_betutifolium
    5$Plantae/Dicotyledoneae/Frankeniaceae$Frankenia serpyillifolia$	Frankenia sp_ms_serpyillifolia
    2$Plantae/Dicotyledoneae/Frankeniaceae$Frankenia surpyllifolia$	Frankenia sp_ms_surpyllifolia
    2$Plantae/Dicotyledoneae/Goodeniaceae$Anthotium humile var junctiforme$	Anthotium sp_humile_var_junctiforme
    2$Plantae/Dicotyledoneae/Goodeniaceae$Dampiera incana var incana$	Dampiera sp_incana_var_incana
    2$Plantae/Dicotyledoneae/Goodeniaceae$Dampiera restiacea$	Dampiera sp_ms_restiacea
    1$Plantae/Dicotyledoneae/Goodeniaceae$Dampiera spicigena$	Dampiera sp_ms_spicigena
    2$Plantae/Dicotyledoneae/Goodeniaceae$Goodenia caerulea$	Goodenia sp_ms_caerulea
    1$Plantae/Dicotyledoneae/Goodeniaceae$Goodenia subintegra$	Goodenia sp_ms_subintegra
    1$Plantae/Dicotyledoneae/Goodeniaceae$Goodenia waria$	Goodenia sp_ms_waria
    1$Plantae/Dicotyledoneae/Goodeniaceae$Scaevola Munz4725$	Scaevola sp_Munz4725
    3$Plantae/Dicotyledoneae/Goodeniaceae$Scaevola affin lanceolata$	Scaevola sp_affin_lanceolata
    7$Plantae/Dicotyledoneae/Goodeniaceae$Scaevola affin spinescens$	Scaevola sp_affin_spinescens
    1$Plantae/Dicotyledoneae/Goodeniaceae$Scaevola ameula$	Scaevola sp_ms_ameula
    1$Plantae/Dicotyledoneae/Goodeniaceae$Scaevola beckii$	Scaevola sp_ms_beckii
    1$Plantae/Dicotyledoneae/Goodeniaceae$Scaevola calundulacea$	Scaevola sp_ms_calundulacea
    1$Plantae/Dicotyledoneae/Goodeniaceae$Scaevola fasciculata$	Scaevola sp_ms_fasciculata
    1$Plantae/Dicotyledoneae/Goodeniaceae$Scaevola montana$	Scaevola sp_ms_montana
    2$Plantae/Dicotyledoneae/Haloragaceae$Glischrocaryon aurem$	Glischrocaryon sp_ms_aurem
    1$Plantae/Dicotyledoneae/Lamiaceae$Dicrastylis dorani$	Dicrastylis sp_ms_dorani
    2$Plantae/Dicotyledoneae/Lamiaceae$Newcastelia viscida$	Newcastelia sp_ms_viscida
    1$Plantae/Dicotyledoneae/Lamiaceae$Pityrodia olfieldii$	Pityrodia sp_ms_olfieldii
    1$Plantae/Dicotyledoneae/Lamiaceae$Thymus citriodorus$	Thymus sp_ms_citriodorus
    2$Plantae/Dicotyledoneae/Lamiaceae$Westringia dampiera$	Westringia sp_ms_dampiera
    4$Plantae/Dicotyledoneae/Lamiaceae$Westringia rosmarinifolia$	Westringia sp_ms_rosmarinifolia
    3$Plantae/Dicotyledoneae/Leguminosae$Burtonia hendersoni$	Burtonia sp_ms_hendersoni
    1$Plantae/Dicotyledoneae/Loranthaceae$Amyema migueli$	Amyema sp_ms_migueli
    2$Plantae/Dicotyledoneae/Loranthaceae$Amyema miraculosus$	Amyema sp_ms_miraculosus
    2$Plantae/Dicotyledoneae/Loranthaceae$Amyema pendulus$	Amyema sp_ms_pendulus
    1$Plantae/Dicotyledoneae/Loranthaceae$Amyema preissi$	Amyema sp_ms_preissi
    3$Plantae/Dicotyledoneae/Loranthaceae$Amyema pressei$	Amyema sp_ms_pressei
    2$Plantae/Dicotyledoneae/Loranthaceae$Loranthus miraculosus$	Loranthus sp_ms_miraculosus
    1$Plantae/Dicotyledoneae/Loranthaceae$Loranthus preissi$	Loranthus sp_ms_preissi
    2$Plantae/Dicotyledoneae/Loranthaceae$Loranthus preissii$	Loranthus sp_ms_preissii
    2$Plantae/Dicotyledoneae/Malpighiaceae$Tristellateia austrolasiae$	Tristellateia sp_ms_austrolasiae
    3$Plantae/Dicotyledoneae/Malvaceae$Alyogyne cuneiformis$	Alyogyne sp_ms_cuneiformis
    1$Plantae/Dicotyledoneae/Malvaceae$Alyogyne hakeifolia$	Alyogyne sp_ms_hakeifolia
    4$Plantae/Dicotyledoneae/Malvaceae$Alyogyne pinoniana$	Alyogyne sp_ms_pinoniana
    1$Plantae/Dicotyledoneae/Malvaceae$Gossypium australe$	Gossypium sp_ms_australe
    2$Plantae/Dicotyledoneae/Malvaceae$Hibiscus farragei$	Hibiscus sp_ms_farragei
    2$Plantae/Dicotyledoneae/Malvaceae$Hibiscus panduriformis$	Hibiscus sp_ms_panduriformis
    2$Plantae/Dicotyledoneae/Malvaceae$Hibiscus pinonianus$	Hibiscus sp_ms_pinonianus
    2$Plantae/Dicotyledoneae/Malvaceae$Keraudrenia integrifolia$	Keraudrenia sp_ms_integrifolia
    4$Plantae/Dicotyledoneae/Malvaceae$Lasiopetalum baueri$	Lasiopetalum sp_ms_baueri
    1$Plantae/Dicotyledoneae/Malvaceae$Lasiopetalum baureri$	Lasiopetalum sp_ms_baureri
    1$Plantae/Dicotyledoneae/Malvaceae$Lasiopetalum schulzeni$	Lasiopetalum sp_ms_schulzeni
    1$Plantae/Dicotyledoneae/Malvaceae$Lavatera plebeja$	Lavatera sp_ms_plebeja
    1$Plantae/Dicotyledoneae/Malvaceae$Rulingia loxophylla$	Rulingia sp_ms_loxophylla
    5$Plantae/Dicotyledoneae/Melastomataceae$Melastoma denticulatum$	Melastoma sp_ms_denticulatum
    1$Plantae/Dicotyledoneae/Melastomataceae$Melastoma polyanthum$	Melastoma sp_ms_polyanthum
    1$Plantae/Dicotyledoneae/Myoporaceae$Myoporum none$	Myoporum sp_ms_none
    1$Plantae/Dicotyledoneae/Myrtaceae$Angophora cordifolia$	Angophora sp_ms_cordifolia
   12$Plantae/Dicotyledoneae/Myrtaceae$Angophora intermedia$	Angophora sp_ms_intermedia
    3$Plantae/Dicotyledoneae/Myrtaceae$Angophora subvaleutina$	Angophora sp_ms_subvaleutina
    2$Plantae/Dicotyledoneae/Myrtaceae$Babingtonia leratii$	Babingtonia sp_ms_leratii
    1$Plantae/Dicotyledoneae/Myrtaceae$Babingtonia virgata$	Babingtonia sp_ms_virgata
    1$Plantae/Dicotyledoneae/Myrtaceae$Baeckea affin pentagonantha$	Baeckea sp_affin_pentagonantha
    1$Plantae/Dicotyledoneae/Myrtaceae$Baeckea behrii$	Baeckea sp_ms_behrii
    4$Plantae/Dicotyledoneae/Myrtaceae$Baeckea blackallii$	Baeckea sp_ms_blackallii
    3$Plantae/Dicotyledoneae/Myrtaceae$Baeckea jucunda$	Baeckea sp_ms_jucunda
    3$Plantae/Dicotyledoneae/Myrtaceae$Baeckea leptospermoides$	Baeckea sp_ms_leptospermoides
    1$Plantae/Dicotyledoneae/Myrtaceae$Baeckea pentagonantha[sic]$	Baeckea sp_pentagonanthasic
   12$Plantae/Dicotyledoneae/Myrtaceae$Baeckea stowardii$	Baeckea sp_ms_stowardii
    1$Plantae/Dicotyledoneae/Myrtaceae$Callistemon citrumus$	Callistemon sp_ms_citrumus
    2$Plantae/Dicotyledoneae/Myrtaceae$Callistemon macropunctata$	Callistemon sp_ms_macropunctata
    2$Plantae/Dicotyledoneae/Myrtaceae$Callistemon pheoniceus$	Callistemon sp_ms_pheoniceus
    2$Plantae/Dicotyledoneae/Myrtaceae$Callistemon salignas$	Callistemon sp_ms_salignas
    2$Plantae/Dicotyledoneae/Myrtaceae$Calothamnus formosus formosus$	Calothamnus sp_formosus_formosus
    3$Plantae/Dicotyledoneae/Myrtaceae$Calothamnus quadrifidus acerosa$	Calothamnus sp_quadrifidus_acerosa
    1$Plantae/Dicotyledoneae/Myrtaceae$Calytrix brachchaeta$	Calytrix sp_ms_brachchaeta
    1$Plantae/Dicotyledoneae/Myrtaceae$Calytrix near empetroides$	Calytrix sp_near_empetroides
    1$Plantae/Dicotyledoneae/Myrtaceae$Chamelaucium oenanthum$	Chamelaucium sp_ms_oenanthum
    1$Plantae/Dicotyledoneae/Myrtaceae$Eucalyptus 'anceps'$	Eucalyptus sp_anceps
    4$Plantae/Dicotyledoneae/Myrtaceae$Eucalyptus affin gracilis$	Eucalyptus sp_affin_gracilis
    4$Plantae/Dicotyledoneae/Myrtaceae$Eucalyptus anceps$	Eucalyptus sp_ms_anceps
    1$Plantae/Dicotyledoneae/Myrtaceae$Eucalyptus aspera$	Eucalyptus sp_ms_aspera
    2$Plantae/Dicotyledoneae/Myrtaceae$Eucalyptus blakely$	Eucalyptus sp_ms_blakely
   31$Plantae/Dicotyledoneae/Myrtaceae$Eucalyptus calophylla$	Eucalyptus sp_ms_calophylla
    3$Plantae/Dicotyledoneae/Myrtaceae$Eucalyptus clavigera$	Eucalyptus sp_ms_clavigera
    4$Plantae/Dicotyledoneae/Myrtaceae$Eucalyptus clelandi$	Eucalyptus sp_ms_clelandi
   11$Plantae/Dicotyledoneae/Myrtaceae$Eucalyptus confertiflora$	Eucalyptus sp_ms_confertiflora
    3$Plantae/Dicotyledoneae/Myrtaceae$Eucalyptus consideriana$	Eucalyptus sp_ms_consideriana
    5$Plantae/Dicotyledoneae/Myrtaceae$Eucalyptus creba$	Eucalyptus sp_ms_creba
    2$Plantae/Dicotyledoneae/Myrtaceae$Eucalyptus dichromophloia$	Eucalyptus sp_ms_dichromophloia
    1$Plantae/Dicotyledoneae/Myrtaceae$Eucalyptus exerta$	Eucalyptus sp_ms_exerta
    1$Plantae/Dicotyledoneae/Myrtaceae$Eucalyptus ferruginea$	Eucalyptus sp_ms_ferruginea
   10$Plantae/Dicotyledoneae/Myrtaceae$Eucalyptus ficifolia$	Eucalyptus sp_ms_ficifolia
    1$Plantae/Dicotyledoneae/Myrtaceae$Eucalyptus foelcheana$	Eucalyptus sp_ms_foelcheana
    2$Plantae/Dicotyledoneae/Myrtaceae$Eucalyptus gacilis$	Eucalyptus sp_ms_gacilis
    9$Plantae/Dicotyledoneae/Myrtaceae$Eucalyptus gammophylla$	Eucalyptus sp_ms_gammophylla
    1$Plantae/Dicotyledoneae/Myrtaceae$Eucalyptus gimlei$	Eucalyptus sp_ms_gimlei
    2$Plantae/Dicotyledoneae/Myrtaceae$Eucalyptus haematoxylon$	Eucalyptus sp_ms_haematoxylon
    5$Plantae/Dicotyledoneae/Myrtaceae$Eucalyptus intermedia$	Eucalyptus sp_ms_intermedia
    7$Plantae/Dicotyledoneae/Myrtaceae$Eucalyptus landsdowneana$	Eucalyptus sp_ms_landsdowneana
    2$Plantae/Dicotyledoneae/Myrtaceae$Eucalyptus latifolia$	Eucalyptus sp_ms_latifolia
    2$Plantae/Dicotyledoneae/Myrtaceae$Eucalyptus linariifolia$	Eucalyptus sp_ms_linariifolia
    2$Plantae/Dicotyledoneae/Myrtaceae$Eucalyptus meliodora$	Eucalyptus sp_ms_meliodora
    3$Plantae/Dicotyledoneae/Myrtaceae$Eucalyptus none$	Eucalyptus sp_ms_none
    5$Plantae/Dicotyledoneae/Myrtaceae$Eucalyptus nr decipiens$	Eucalyptus sp_nr_decipiens
    8$Plantae/Dicotyledoneae/Myrtaceae$Eucalyptus nr oxymitra$	Eucalyptus sp_nr_oxymitra
   13$Plantae/Dicotyledoneae/Myrtaceae$Eucalyptus papuana$	Eucalyptus sp_ms_papuana
    4$Plantae/Dicotyledoneae/Myrtaceae$Eucalyptus perfoliata$	Eucalyptus sp_ms_perfoliata
    1$Plantae/Dicotyledoneae/Myrtaceae$Eucalyptus platypoda$	Eucalyptus sp_ms_platypoda
    3$Plantae/Dicotyledoneae/Myrtaceae$Eucalyptus setosa$	Eucalyptus sp_ms_setosa
    2$Plantae/Dicotyledoneae/Myrtaceae$Eucalyptus striaticalyse$	Eucalyptus sp_ms_striaticalyse
    1$Plantae/Dicotyledoneae/Myrtaceae$Eucalyptus tatiana$	Eucalyptus sp_ms_tatiana
    3$Plantae/Dicotyledoneae/Myrtaceae$Eucalyptus tectiflora$	Eucalyptus sp_ms_tectiflora
    6$Plantae/Dicotyledoneae/Myrtaceae$Eucalyptus terminalis$	Eucalyptus sp_ms_terminalis
    4$Plantae/Dicotyledoneae/Myrtaceae$Eucalyptus tesselaris$	Eucalyptus sp_ms_tesselaris
    2$Plantae/Dicotyledoneae/Myrtaceae$Eucalyptus tetradonta$	Eucalyptus sp_ms_tetradonta
    1$Plantae/Dicotyledoneae/Myrtaceae$Leptospermum altenuatum$	Leptospermum sp_ms_altenuatum
    2$Plantae/Dicotyledoneae/Myrtaceae$Leptospermum attenuatum$	Leptospermum sp_ms_attenuatum
    1$Plantae/Dicotyledoneae/Myrtaceae$Leptospermum breviceps$	Leptospermum sp_ms_breviceps
    1$Plantae/Dicotyledoneae/Myrtaceae$Leptospermum contintenalis$	Leptospermum sp_ms_contintenalis
    1$Plantae/Dicotyledoneae/Myrtaceae$Leptospermum contintentale$	Leptospermum sp_ms_contintentale
    1$Plantae/Dicotyledoneae/Myrtaceae$Leptospermum contintentalis$	Leptospermum sp_ms_contintentalis
    2$Plantae/Dicotyledoneae/Myrtaceae$Leptospermum ellipticum$	Leptospermum sp_ms_ellipticum
    2$Plantae/Dicotyledoneae/Myrtaceae$Leptospermum ericoides$	Leptospermum sp_ms_ericoides
    5$Plantae/Dicotyledoneae/Myrtaceae$Leptospermum flavescens$	Leptospermum sp_ms_flavescens
    1$Plantae/Dicotyledoneae/Myrtaceae$Leptospermum juniperum$	Leptospermum sp_ms_juniperum
    3$Plantae/Dicotyledoneae/Myrtaceae$Leptospermum mysinoides$	Leptospermum sp_ms_mysinoides
    1$Plantae/Dicotyledoneae/Myrtaceae$Leptospermum ploygalifolium$	Leptospermum sp_ms_ploygalifolium
    1$Plantae/Dicotyledoneae/Myrtaceae$Leptospermum ruprestre$	Leptospermum sp_ms_ruprestre
    2$Plantae/Dicotyledoneae/Myrtaceae$Lophostemon grandifloris$	Lophostemon sp_ms_grandifloris
    1$Plantae/Dicotyledoneae/Myrtaceae$Melaleuca & leptospermum$	Melaleuca sp_leptospermum
    3$Plantae/Dicotyledoneae/Myrtaceae$Melaleuca acerosa$	Melaleuca sp_ms_acerosa
    2$Plantae/Dicotyledoneae/Myrtaceae$Melaleuca bracheata$	Melaleuca sp_ms_bracheata
    1$Plantae/Dicotyledoneae/Myrtaceae$Melaleuca corrugata$	Melaleuca sp_ms_corrugata
    1$Plantae/Dicotyledoneae/Myrtaceae$Melaleuca huegeliana$	Melaleuca sp_ms_huegeliana
    1$Plantae/Dicotyledoneae/Myrtaceae$Melaleuca latrobsi$	Melaleuca sp_ms_latrobsi
    2$Plantae/Dicotyledoneae/Myrtaceae$Melaleuca linarifolia$	Melaleuca sp_ms_linarifolia
    1$Plantae/Dicotyledoneae/Myrtaceae$Melaleuca none$	Melaleuca sp_ms_none
    1$Plantae/Dicotyledoneae/Myrtaceae$Melaleuca polygaloides$	Melaleuca sp_ms_polygaloides
   17$Plantae/Dicotyledoneae/Myrtaceae$Melaleuca pubescens$	Melaleuca sp_ms_pubescens
    1$Plantae/Dicotyledoneae/Myrtaceae$Melaleuca rhapiophylla$	Melaleuca sp_ms_rhapiophylla
    1$Plantae/Dicotyledoneae/Myrtaceae$Melaleuca scabra group$	Melaleuca sp_scabra_group
    4$Plantae/Dicotyledoneae/Myrtaceae$Melaleuca staphloides$	Melaleuca sp_ms_staphloides
    1$Plantae/Dicotyledoneae/Myrtaceae$Metrosideros operculata var. francii$	Metrosideros sp_ms_operculata
    1$Plantae/Dicotyledoneae/Myrtaceae$Myrtastrum rufo-punctatum$	Myrtastrum sp_ms_rufo-punctatum
    2$Plantae/Dicotyledoneae/Myrtaceae$Pileanthus "auranticus"$	Pileanthus sp_auranticus
    7$Plantae/Dicotyledoneae/Myrtaceae$Pileanthus "bellus"$	Pileanthus sp_bellus
    6$Plantae/Dicotyledoneae/Myrtaceae$Pileanthus "septentrionalis"$	Pileanthus sp_septentrionalis
    2$Plantae/Dicotyledoneae/Myrtaceae$Pileanthus fillifolius$	Pileanthus sp_ms_fillifolius
    1$Plantae/Dicotyledoneae/Myrtaceae$Pileanthus nr filifolius$	Pileanthus sp_nr_filifolius
    5$Plantae/Dicotyledoneae/Myrtaceae$Pileanthus peduncularis borealis$	Pileanthus sp_peduncularis_borealis
    1$Plantae/Dicotyledoneae/Myrtaceae$Pileanthus verrucosus$	Pileanthus sp_ms_verrucosus
    2$Plantae/Dicotyledoneae/Myrtaceae$Scholtzia sparthulata$	Scholtzia sp_ms_sparthulata
    1$Plantae/Dicotyledoneae/Myrtaceae$Syncarpia laurifolia$	Syncarpia sp_ms_laurifolia
    1$Plantae/Dicotyledoneae/Myrtaceae$Syzygium jambolanum$	Syzygium sp_ms_jambolanum
    1$Plantae/Dicotyledoneae/Myrtaceae$Syzygium tatrogonum$	Syzygium sp_ms_tatrogonum
    8$Plantae/Dicotyledoneae/Myrtaceae$Thryptomene affin mucronulata$	Thryptomene sp_affin_mucronulata
    4$Plantae/Dicotyledoneae/Myrtaceae$Thryptomene aspera$	Thryptomene sp_ms_aspera
    4$Plantae/Dicotyledoneae/Myrtaceae$Thryptomene camphorosmae$	Thryptomene sp_ms_camphorosmae
    1$Plantae/Dicotyledoneae/Myrtaceae$Thryptomene gilgandra$	Thryptomene sp_ms_gilgandra
    2$Plantae/Dicotyledoneae/Myrtaceae$Thryptomene maisonneurii$	Thryptomene sp_ms_maisonneurii
    9$Plantae/Dicotyledoneae/Myrtaceae$Thryptomene maisonneuvei$	Thryptomene sp_ms_maisonneuvei
   21$Plantae/Dicotyledoneae/Myrtaceae$Thryptomene tuberculata$	Thryptomene sp_ms_tuberculata
    1$Plantae/Dicotyledoneae/Myrtaceae$Tristania conferta$	Tristania sp_ms_conferta
    2$Plantae/Dicotyledoneae/Myrtaceae$Tristania laurina$	Tristania sp_ms_laurina
    7$Plantae/Dicotyledoneae/Myrtaceae$Tristania suaveolans$	Tristania sp_ms_suaveolans
    5$Plantae/Dicotyledoneae/Myrtaceae$Tristania suaveolens$	Tristania sp_ms_suaveolens
    1$Plantae/Dicotyledoneae/Myrtaceae$Tristaniopsis Munz4679$	Tristaniopsis sp_Munz4679
    3$Plantae/Dicotyledoneae/Myrtaceae$Tristaniopsis conferta$	Tristaniopsis sp_ms_conferta
    1$Plantae/Dicotyledoneae/Myrtaceae$Tristaniopsis glauca$	Tristaniopsis sp_ms_glauca
    1$Plantae/Dicotyledoneae/Myrtaceae$Tristaniopsis lactiflua$	Tristaniopsis sp_ms_lactiflua
    8$Plantae/Dicotyledoneae/Myrtaceae$Tristaniopsis suaveolans$	Tristaniopsis sp_ms_suaveolans
    1$Plantae/Dicotyledoneae/Myrtaceae$Uromyrtus emarginatus$	Uromyrtus sp_ms_emarginatus
    1$Plantae/Dicotyledoneae/Nepenthaceae$Nepenthes vieillardii$	Nepenthes sp_ms_vieillardii
   15$Plantae/Dicotyledoneae/Nitrariaceae$Nitraria billardieri$	Nitraria sp_ms_billardieri
    2$Plantae/Dicotyledoneae/Nitrariaceae$Nitraria schoberi$	Nitraria sp_ms_schoberi
    4$Plantae/Dicotyledoneae/Oxalidaceae$Oxalis pes-capre$	Oxalis sp_ms_pes-capre
    1$Plantae/Dicotyledoneae/Oxalidaceae$Oxalis succulenta$	Oxalis sp_ms_succulenta
    1$Plantae/Dicotyledoneae/Oxalidaceae$Oxalis truncatula$	Oxalis sp_ms_truncatula
    1$Plantae/Dicotyledoneae/Papaveraceae$Argemone platyceras$	Argemone sp_ms_platyceras
    3$Plantae/Dicotyledoneae/Phellinaceae$Phelline lucida$	Phelline sp_ms_lucida
    9$Plantae/Dicotyledoneae/Pittosporaceae$Pittosporum phylliraeoides$	Pittosporum sp_ms_phylliraeoides
    1$Plantae/Dicotyledoneae/Plantaginaceae$Parahebe derwentiana$	Parahebe sp_ms_derwentiana
    1$Plantae/Dicotyledoneae/Plumbaginaceae$Limonium spectabile$	Limonium sp_ms_spectabile
    2$Plantae/Dicotyledoneae/Polygonaceae$Muehlenbeckia cunninghamii$	Muehlenbeckia sp_ms_cunninghamii
    1$Plantae/Dicotyledoneae/Portulacaceae$Portulaca oleacea$	Portulaca sp_ms_oleacea
    1$Plantae/Dicotyledoneae/Primulaceae$Samolus alerandi$	Samolus sp_ms_alerandi
    1$Plantae/Dicotyledoneae/Primulaceae$Tapeinosperma oblongifolium$	Tapeinosperma sp_ms_oblongifolium
    2$Plantae/Dicotyledoneae/Proteaceae$Adenanthos flavidiflora$	Adenanthos sp_ms_flavidiflora
    1$Plantae/Dicotyledoneae/Proteaceae$Banksia prostrata$	Banksia sp_ms_prostrata
    2$Plantae/Dicotyledoneae/Proteaceae$Beauprea pancheri$	Beauprea sp_ms_pancheri
    1$Plantae/Dicotyledoneae/Proteaceae$Conospermum preissii$	Conospermum sp_ms_preissii
    9$Plantae/Dicotyledoneae/Proteaceae$Dryandra arborea$	Dryandra sp_ms_arborea
    4$Plantae/Dicotyledoneae/Proteaceae$Dryandra carlinoides$	Dryandra sp_ms_carlinoides
    1$Plantae/Dicotyledoneae/Proteaceae$Dryandra falcata$	Dryandra sp_ms_falcata
    7$Plantae/Dicotyledoneae/Proteaceae$Dryandra sessilis$	Dryandra sp_ms_sessilis
    3$Plantae/Dicotyledoneae/Proteaceae$Grevillea affin hookerana$	Grevillea sp_affin_hookerana
    3$Plantae/Dicotyledoneae/Proteaceae$Grevillea apiciloba$	Grevillea sp_ms_apiciloba
    1$Plantae/Dicotyledoneae/Proteaceae$Grevillea apicoloba$	Grevillea sp_ms_apicoloba
    3$Plantae/Dicotyledoneae/Proteaceae$Grevillea biformis biformis$	Grevillea sp_biformis_biformis
    1$Plantae/Dicotyledoneae/Proteaceae$Grevillea didymobotryia$	Grevillea sp_ms_didymobotryia
    2$Plantae/Dicotyledoneae/Proteaceae$Grevillea endlicherana$	Grevillea sp_ms_endlicherana
   17$Plantae/Dicotyledoneae/Proteaceae$Grevillea hookerana$	Grevillea sp_ms_hookerana
    2$Plantae/Dicotyledoneae/Proteaceae$Grevillea near eriostachya$	Grevillea sp_near_eriostachya
    2$Plantae/Dicotyledoneae/Proteaceae$Grevillea nr petrophiloides$	Grevillea sp_nr_petrophiloides
    2$Plantae/Dicotyledoneae/Proteaceae$Hakea bipinnatifida$	Hakea sp_ms_bipinnatifida
    7$Plantae/Dicotyledoneae/Proteaceae$Hakea coriacea$	Hakea sp_ms_coriacea
    1$Plantae/Dicotyledoneae/Proteaceae$Hakea lissocarpa$	Hakea sp_ms_lissocarpa
    7$Plantae/Dicotyledoneae/Proteaceae$Hakea muelleriana$	Hakea sp_ms_muelleriana
    1$Plantae/Dicotyledoneae/Proteaceae$Hakea rhombalis$	Hakea sp_ms_rhombalis
    1$Plantae/Dicotyledoneae/Proteaceae$Hakea tereticornis$	Hakea sp_ms_tereticornis
    1$Plantae/Dicotyledoneae/Proteaceae$Isopogon tribolus$	Isopogon sp_ms_tribolus
    1$Plantae/Dicotyledoneae/Proteaceae$Persoonia affin quinquenervis$	Persoonia sp_affin_quinquenervis
    1$Plantae/Dicotyledoneae/Proteaceae$Persoonia champaepeuce$	Persoonia sp_ms_champaepeuce
    1$Plantae/Dicotyledoneae/Proteaceae$Persoonia laevis$	Persoonia sp_ms_laevis
    2$Plantae/Dicotyledoneae/Proteaceae$Persoonia mollis ledifolia$	Persoonia sp_mollis_ledifolia
    1$Plantae/Dicotyledoneae/Proteaceae$Persoonia mollis leptophylla$	Persoonia sp_mollis_leptophylla
    2$Plantae/Dicotyledoneae/Proteaceae$Persoonia mollis livens$	Persoonia sp_mollis_livens
    3$Plantae/Dicotyledoneae/Proteaceae$Persoonia mollis nectans$	Persoonia sp_mollis_nectans
    1$Plantae/Dicotyledoneae/Proteaceae$Persoonia mollis revoluta$	Persoonia sp_mollis_revoluta
    2$Plantae/Dicotyledoneae/Proteaceae$Persoonia subvellutina$	Persoonia sp_ms_subvellutina
    2$Plantae/Dicotyledoneae/Proteaceae$Persoonia sylvatica$	Persoonia sp_ms_sylvatica
    2$Plantae/Dicotyledoneae/Rhamnaceae$Alphitonia neocaledonica$	Alphitonia sp_ms_neocaledonica
    4$Plantae/Dicotyledoneae/Rosaceae$Cotoneaster serotina$	Cotoneaster sp_ms_serotina
    1$Plantae/Dicotyledoneae/Rosaceae$Geum queilyon$	Geum sp_ms_queilyon
    1$Plantae/Dicotyledoneae/Rosaceae$Potentilla hepalensis$	Potentilla sp_ms_hepalensis
    1$Plantae/Dicotyledoneae/Rubiaceae$Normandia neocaledonica$	Normandia sp_ms_neocaledonica
    1$Plantae/Dicotyledoneae/Rutaceae$Correa lawrenciana$	Correa sp_ms_lawrenciana
    1$Plantae/Dicotyledoneae/Rutaceae$Eriostemon linearis$	Eriostemon sp_ms_linearis
    2$Plantae/Dicotyledoneae/Rutaceae$Eriostemon spicatus$	Eriostemon sp_ms_spicatus
    2$Plantae/Dicotyledoneae/Santalaceae$Leptomeria priessiana$	Leptomeria sp_ms_priessiana
    1$Plantae/Dicotyledoneae/Santalaceae$Santalum austrocaledonicum$	Santalum sp_ms_austrocaledonicum
    1$Plantae/Dicotyledoneae/Sapindaceae$Cupaniopsis Munz4219$	Cupaniopsis sp_Munz4219
    1$Plantae/Dicotyledoneae/Sapindaceae$Dodonaea attenuata$	Dodonaea sp_ms_attenuata
    1$Plantae/Dicotyledoneae/Sapindaceae$Guioa villosa$	Guioa sp_ms_villosa
    1$Plantae/Dicotyledoneae/Sapindaceae$Storthocalyx pancheri$	Storthocalyx sp_ms_pancheri
    1$Plantae/Dicotyledoneae/Scrophulariaceae$Diocirea aernata & violacea$	Diocirea sp_aernata_violacea
    9$Plantae/Dicotyledoneae/Scrophulariaceae$Stemodia floribunda$	Stemodia sp_ms_floribunda
    1$Plantae/Dicotyledoneae/Scrophulariaceae$Veronica hillbandi$	Veronica sp_ms_hillbandi
    2$Plantae/Dicotyledoneae/Solanaceae$Solanum & cassia$	Solanum sp_cassia
    1$Plantae/Dicotyledoneae/Solanaceae$Solanum eburnium$	Solanum sp_ms_eburnium
    1$Plantae/Dicotyledoneae/Solanaceae$Solanum leopoldensis$	Solanum sp_ms_leopoldensis
    1$Plantae/Dicotyledoneae/Sterculiaceae$Brachychiton acerifolium$	Brachychiton sp_ms_acerifolium
    5$Plantae/Dicotyledoneae/Verbenaceae$Duranta repens$	Duranta sp_ms_repens
    1$Plantae/Dicotyledoneae/Verbenaceae$Lippia citriodora$	Lippia sp_ms_citriodora
    1$Plantae/Dicotyledoneae/Verbenaceae$Stachytarpheta blanche$	Stachytarpheta sp_ms_blanche
    5$Plantae/Dicotyledoneae/Violaceae$Agatea longipedicellata$	Agatea sp_ms_longipedicellata
    3$Plantae/Dicotyledoneae/Violaceae$Agatea rufotomentosa$	Agatea sp_ms_rufotomentosa
    1$Plantae/Dicotyledoneae/Zygophyllaceae$Zygophyllum billardieri$	Zygophyllum sp_ms_billardieri
    1$Plantae/Dicotyledoneae/Zygophyllaceae$Zygophyllum none$	Zygophyllum sp_ms_none
    1$Plantae/Dicotyledoneae/Zygophyllaceae$Zygophyllum prismatocarpum$	Zygophyllum sp_ms_prismatocarpum
    3$Plantae/Monocotyledoneae/Asparagaceae$Dichopogon strictum$	Dichopogon sp_ms_strictum
    3$Plantae/Monocotyledoneae/Asparagaceae$Dichopogon strictus$	Dichopogon sp_ms_strictus
    1$Plantae/Monocotyledoneae/Asphodelaceae$Bulbine semibarbarta$	Bulbine sp_ms_semibarbarta
    1$Plantae/Monocotyledoneae/Haemodoraceae$Haemodorum renosum$	Haemodorum sp_ms_renosum
    1$Plantae/Monocotyledoneae/Iridaceae$Aristea major$	Aristea sp_ms_major
    1$Plantae/Monocotyledoneae/Iridaceae$Homeria flaccida$	Homeria sp_ms_flaccida
    1$Plantae/Monocotyledoneae/Iridaceae$Hypoxis rooporis$	Hypoxis sp_ms_rooporis
    1$Plantae/Monocotyledoneae/Orchidaceae$Caladenia deformia$	Caladenia sp_ms_deformia
    1$Plantae/Monocotyledoneae/Orchidaceae$Caladenia deformis$	Caladenia sp_ms_deformis
    1$Plantae/Monocotyledoneae/Orchidaceae$Dendrobium speciosum$	Dendrobium sp_ms_speciosum
    3$Plantae/Monocotyledoneae/Orchidaceae$Eriochilus dilatatus$	Eriochilus sp_ms_dilatatus
    1$Plantae/Monocotyledoneae/Orchidaceae$Paracaleana nigrita$	Paracaleana sp_ms_nigrita
    7$Plantae/Monocotyledoneae/Orchidaceae$Prasophyllum fimbria$	Prasophyllum sp_ms_fimbria
    1$Plantae/Monocotyledoneae/Orchidaceae$Prasophyllum ovale triglochin$	Prasophyllum sp_ovale_triglochin
    4$Plantae/Monocotyledoneae/Orchidaceae$Thelymitra antennifera$	Thelymitra sp_ms_antennifera
    1$Plantae/Monocotyledoneae/Orchidaceae$Thelymitra crinita$	Thelymitra sp_ms_crinita
    2$Plantae/Monocotyledoneae/Orchidaceae$Thelymitra ixiodes$	Thelymitra sp_ms_ixiodes
    2$Plantae/Monocotyledoneae/Palmae$Moratia cerifera$	Moratia sp_ms_cerifera
    1$Plantae/Monocotyledoneae/Xanthorrhoeaceae$Xanthorrhoea caesipitosa$	Xanthorrhoea sp_ms_caesipitosa
    9$Vertebrata/Aves/Alaudidae$Eremophila "crenulata"$	Eremophila sp_crenulata
    1$Vertebrata/Aves/Alaudidae$Eremophila "jucunda"$	Eremophila sp_jucunda
    1$Vertebrata/Aves/Alaudidae$Eremophila "lanceolata"$	Eremophila sp_lanceolata
    5$Vertebrata/Aves/Alaudidae$Eremophila affin freelingi$	Eremophila sp_affin_freelingi
    9$Vertebrata/Aves/Alaudidae$Eremophila affin georgei$	Eremophila sp_affin_georgei
    3$Vertebrata/Aves/Alaudidae$Eremophila bignoniflora$	Eremophila sp_ms_bignoniflora
    1$Vertebrata/Aves/Alaudidae$Eremophila cf spinosa$	Eremophila sp_cf_spinosa
    1$Vertebrata/Aves/Alaudidae$Eremophila christophori$	Eremophila sp_ms_christophori
    1$Vertebrata/Aves/Alaudidae$Eremophila demsteri$	Eremophila sp_ms_demsteri
    2$Vertebrata/Aves/Alaudidae$Eremophila fraseri parva$	Eremophila sp_fraseri_parva
    6$Vertebrata/Aves/Alaudidae$Eremophila freelingi$	Eremophila sp_ms_freelingi
    1$Vertebrata/Aves/Alaudidae$Eremophila ioantha$	Eremophila sp_ms_ioantha
    1$Vertebrata/Aves/Alaudidae$Eremophila latrobsi$	Eremophila sp_ms_latrobsi
    7$Vertebrata/Aves/Alaudidae$Eremophila leucophylla$	Eremophila sp_ms_leucophylla
    2$Vertebrata/Aves/Alaudidae$Eremophila maculata brevifolia$	Eremophila sp_maculata_brevifolia
    1$Vertebrata/Aves/Alaudidae$Eremophila mitchelli$	Eremophila sp_ms_mitchelli
    1$Vertebrata/Aves/Alaudidae$Eremophila none$	Eremophila sp_ms_none
    2$Vertebrata/Aves/Alaudidae$Eremophila oppositifolia oppositifol$	Eremophila sp_oppositifolia_oppositifol
   20$Vertebrata/Aves/Alaudidae$Eremophila pantoni$	Eremophila sp_ms_pantoni
    5$Vertebrata/Aves/Alaudidae$Eremophila platycalyx laneifolia$	Eremophila sp_platycalyx_laneifolia
    1$Vertebrata/Aves/Alaudidae$Eremophila reticulata sp nov$	Eremophila sp_reticulata_sp_nov
    1$Vertebrata/Aves/Alaudidae$Eremophila spinosa$	Eremophila sp_ms_spinosa
    1$Vertebrata/Fish/Balitoridae$Beaufortia micrantha puberula$	Beaufortia sp_micrantha_puberula
    1$Vertebrata/Fish/Balitoridae$Beaufortia mierantha puberula$	Beaufortia sp_mierantha_puberula
    1$Vertebrata/Fish/Balitoridae$Beaufortia or regelia elegans or ciliata$	Beaufortia sp_or_regelia_elegans_or_ciliata
    8$_NO_HIGHERTAXON$(Unidentified)$	(Unidentified)
    1$_NO_HIGHERTAXON$Anthirrhinum majus$	Anthirrhinum sp_ms_majus
    2$_NO_HIGHERTAXON$Argyrodendron actinophyllum$	Argyrodendron sp_ms_actinophyllum
    5$_NO_HIGHERTAXON$Brenesia$	Brenesia
    1$_NO_HIGHERTAXON$Ceinfugosia cuneiformia$	Ceinfugosia sp_ms_cuneiformia
    1$_NO_HIGHERTAXON$Chaemescilla corymbosa$	Chaemescilla sp_ms_corymbosa
    1$_NO_HIGHERTAXON$Conostphium preissii$	Conostphium sp_ms_preissii
    1$_NO_HIGHERTAXON$Conysa cf bonariensis$	Conysa sp_cf_bonariensis
    2$_NO_HIGHERTAXON$Dampieria tomentosa$	Dampieria sp_ms_tomentosa
    2$_NO_HIGHERTAXON$Eucarya none$	Eucarya sp_ms_none
    3$_NO_HIGHERTAXON$Eucarya$	Eucarya
    1$_NO_HIGHERTAXON$Exocarpus aphyllus$	Exocarpus sp_ms_aphyllus
    8$_NO_HIGHERTAXON$Exocarpus$	Exocarpus
    1$_NO_HIGHERTAXON$Genitana$	Genitana
    1$_NO_HIGHERTAXON$Glichrocaryon aurem$	Glichrocaryon sp_ms_aurem
    1$_NO_HIGHERTAXON$Gliscocaryon behrii$	Gliscocaryon sp_ms_behrii
    6$_NO_HIGHERTAXON$Heterodendrum oleifolium$	Heterodendrum sp_ms_oleifolium
    2$_NO_HIGHERTAXON$Heterodendrum$	Heterodendrum
    1$_NO_HIGHERTAXON$Ipomoeae pescaprae$	Ipomoeae sp_ms_pescaprae
    1$_NO_HIGHERTAXON$Leptorhynchus squamatus$	Leptorhynchus sp_ms_squamatus
    1$_NO_HIGHERTAXON$Loudonia aurea$	Loudonia sp_ms_aurea
    3$_NO_HIGHERTAXON$Mesembrion$	Mesembrion
    2$_NO_HIGHERTAXON$Morgania$	Morgania
   73$_NO_HIGHERTAXON$Not Recorded$	Not sp_Recorded
    1$_NO_HIGHERTAXON$Not recorded$	Not sp_ms_recorded
    1$_NO_HIGHERTAXON$Oleander$	Oleander
    1$_NO_HIGHERTAXON$Pachylepis$	Pachylepis
    1$_NO_HIGHERTAXON$Petasostylis$	Petasostylis
    1$_NO_HIGHERTAXON$Presophyllum elatum$	Presophyllum sp_ms_elatum
    2$_NO_HIGHERTAXON$Rhuacophila javanica$	Rhuacophila sp_ms_javanica
    1$_NO_HIGHERTAXON$Scaveola$	Scaveola
    1$_NO_HIGHERTAXON$Solidage canadensis$	Solidage sp_ms_canadensis
    2$_NO_HIGHERTAXON$Thieghemopanax dioicus$	Thieghemopanax sp_ms_dioicus
    1$_NO_HIGHERTAXON$Unknoqn$	Unknoqn
    8$_NO_HIGHERTAXON$Wehlia thryptomenoides$	Wehlia sp_ms_thryptomenoides
    1$_NO_HIGHERTAXON$melaleuca$	melaleuca
