count$path$bad_name$	suggested_name
    1$_NO_HIGHERTAXON$Acaciacapsus appha$	Acaciacapsus sp_ms_appha
    1$_NO_HIGHERTAXON$Acanthosoma sp 1$	Acanthosoma sp_1
    6$_NO_HIGHERTAXON$Acanthosoma sp.$	Acanthosoma sp.
    6$_NO_HIGHERTAXON$Acanthosoma versicolor$	Acanthosoma sp_ms_versicolor
    3$_NO_HIGHERTAXON$Adelphocorisella sp$	Adelphocorisella sp
    1$_NO_HIGHERTAXON$Adelphocorisella sp_c$	Adelphocorisella sp_c
    4$_NO_HIGHERTAXON$Aeptini sp_gen1_sp1$	Aeptini sp_gen1_sp1
    2$_NO_HIGHERTAXON$Aglaophon variegatus$	Aglaophon sp_ms_variegatus
   12$_NO_HIGHERTAXON$Agramma sp_bbfr12_msp_082$	Agramma sp_bbfr12_msp_082
    4$_NO_HIGHERTAXON$Agraptocorixa sp_bbfr12_msp_087$	Agraptocorixa sp_bbfr12_msp_087
    2$_NO_HIGHERTAXON$Agriopocoris sp_n_sp$	Agriopocoris sp_n_sp
    1$_NO_HIGHERTAXON$Alcaeus sp$	Alcaeus sp
    1$_NO_HIGHERTAXON$Alcaeus sp_bbned11msp027$	Alcaeus sp_bbned11msp027
    1$_NO_HIGHERTAXON$Alloeorhynchus sp_bbfr12_msp_102$	Alloeorhynchus sp_bbfr12_msp_102
    1$_NO_HIGHERTAXON$Amorbus abdominalis$	Amorbus sp_ms_abdominalis
    1$_NO_HIGHERTAXON$Amorbus alternatus$	Amorbus sp_ms_alternatus
    2$_NO_HIGHERTAXON$Amorbus sp_6$	Amorbus sp_6
    1$_NO_HIGHERTAXON$Amorbus sp_bbfr12_msp_150$	Amorbus sp_bbfr12_msp_150
    3$_NO_HIGHERTAXON$Amphaces ferruginea$	Amphaces sp_ms_ferruginea
    4$_NO_HIGHERTAXON$Amphaces major$	Amphaces sp_ms_major
    4$_NO_HIGHERTAXON$Amphaces minor$	Amphaces sp_ms_minor
    2$_NO_HIGHERTAXON$Amphaces proxima$	Amphaces sp_ms_proxima
   27$_NO_HIGHERTAXON$Amphaces sp.$	Amphaces sp.
    5$_NO_HIGHERTAXON$Amphaces sp_ms_colesa$	Amphaces sp_ms_colesa
    4$_NO_HIGHERTAXON$Amphaces sp_ms_devonia$	Amphaces sp_ms_devonia
    3$_NO_HIGHERTAXON$Amphaces sp_ms_latumium$	Amphaces sp_ms_latumium
    7$_NO_HIGHERTAXON$Amphaces sp_ms_longus$	Amphaces sp_ms_longus
    2$_NO_HIGHERTAXON$Amphidexius suspensus$	Amphidexius sp_ms_suspensus
    2$_NO_HIGHERTAXON$Andriscus armatus$	Andriscus sp_ms_armatus
    2$_NO_HIGHERTAXON$Andriscus telifer$	Andriscus sp_ms_telifer
   22$_NO_HIGHERTAXON$Anischys lundbecki$	Anischys sp_ms_lundbecki
   43$_NO_HIGHERTAXON$Anischys luteovarius$	Anischys sp_ms_luteovarius
    2$_NO_HIGHERTAXON$Anischys sp.$	Anischys sp.
    2$_NO_HIGHERTAXON$Antestiopsis sp_1$	Antestiopsis sp_1
   27$_NO_HIGHERTAXON$Antestiopsis sp_2$	Antestiopsis sp_2
    4$_NO_HIGHERTAXON$Antestiopsis sp_5$	Antestiopsis sp_5
   11$_NO_HIGHERTAXON$Antestiopsis sp_bbcre11msp126$	Antestiopsis sp_bbcre11msp126
    3$_NO_HIGHERTAXON$Antestiopsis sp_bbfr12_msp_008$	Antestiopsis sp_bbfr12_msp_008
    1$_NO_HIGHERTAXON$Antestiopsis sp_nr_cederwaldi$	Antestiopsis sp_nr_cederwaldi
    8$_NO_HIGHERTAXON$Aplerotus sp_bbcre11msp125$	Aplerotus sp_bbcre11msp125
   28$_NO_HIGHERTAXON$Aplerotus sp_nr_grossi$	Aplerotus sp_nr_grossi
   12$_NO_HIGHERTAXON$Appolonius territoralis$	Appolonius sp_ms_territoralis
    1$_NO_HIGHERTAXON$Arafuramiris sp_nsp$	Arafuramiris sp_nsp
   66$_NO_HIGHERTAXON$Arbela telomi$	Arbela sp_ms_telomi
    3$_NO_HIGHERTAXON$Arcleda ferruginea$	Arcleda sp_ms_ferruginea
    3$_NO_HIGHERTAXON$Arniscus humeralis$	Arniscus sp_ms_humeralis
    2$_NO_HIGHERTAXON$Arocatus chiasmus$	Arocatus sp_ms_chiasmus
    6$_NO_HIGHERTAXON$Arocatus rusticus$	Arocatus sp_ms_rusticus
    1$_NO_HIGHERTAXON$Aspideurus flavescens$	Aspideurus sp_ms_flavescens
   20$_NO_HIGHERTAXON$Astacops doddi$	Astacops sp_ms_doddi
    1$_NO_HIGHERTAXON$Au_Phylini_LgP_misc sp.$	Au_Phylini_LgP_misc sp.
   44$_NO_HIGHERTAXON$Ausejanus albisignatus$	Ausejanus sp_ms_albisignatus
   89$_NO_HIGHERTAXON$Ausejanus macrozonata$	Ausejanus sp_ms_macrozonata
  108$_NO_HIGHERTAXON$Ausejanus meridionalis$	Ausejanus sp_ms_meridionalis
    1$_NO_HIGHERTAXON$Ausejanus sp_42$	Ausejanus sp_42
    7$_NO_HIGHERTAXON$Ausejanus sp_44$	Ausejanus sp_44
    6$_NO_HIGHERTAXON$Australcmena lineativentris$	Australcmena sp_ms_lineativentris
    4$_NO_HIGHERTAXON$Austrocapsus antennatus$	Austrocapsus sp_ms_antennatus
   11$_NO_HIGHERTAXON$Austrocapsus grandis$	Austrocapsus sp_ms_grandis
   10$_NO_HIGHERTAXON$Austrocapsus martigena$	Austrocapsus sp_ms_martigena
    5$_NO_HIGHERTAXON$Austrocapsus sp_bb$	Austrocapsus sp_bb
    2$_NO_HIGHERTAXON$Austrocapsus sp_bbfr12_msp136$	Austrocapsus sp_bbfr12_msp136
   44$_NO_HIGHERTAXON$Austrocapsus sp_cc$	Austrocapsus sp_cc
    3$_NO_HIGHERTAXON$Austrocapsus sp_elongatus$	Austrocapsus sp_elongatus
    1$_NO_HIGHERTAXON$Austrocapsus sp_nabb13msp066$	Austrocapsus sp_nabb13msp066
    2$_NO_HIGHERTAXON$Austrocapsus sp_nabb13msp068$	Austrocapsus sp_nabb13msp068
    2$_NO_HIGHERTAXON$Austrocapsus sp_nabb13msp082$	Austrocapsus sp_nabb13msp082
   10$_NO_HIGHERTAXON$Austrocapsus sp_nr_dallasi$	Austrocapsus sp_nr_dallasi
  819$_NO_HIGHERTAXON$Austromiris sp.$	Austromiris sp.
    2$_NO_HIGHERTAXON$Austromiris sp_33$	Austromiris sp_33
   82$_NO_HIGHERTAXON$Austromiris sp_bbgr12msp064$	Austromiris sp_bbgr12msp064
    1$_NO_HIGHERTAXON$Austromiris sp_bbgr12msp065$	Austromiris sp_bbgr12msp065
    3$_NO_HIGHERTAXON$Austromiris sp_bbgr12msp066$	Austromiris sp_bbgr12msp066
    9$_NO_HIGHERTAXON$Austromiris sp_bbgr12msp067$	Austromiris sp_bbgr12msp067
    7$_NO_HIGHERTAXON$Austromiris sp_bbgr12msp068$	Austromiris sp_bbgr12msp068
    1$_NO_HIGHERTAXON$Austromiris sp_bbgr12msp068b$	Austromiris sp_bbgr12msp068b
    1$_NO_HIGHERTAXON$Austromiris sp_bbned11msp005$	Austromiris sp_bbned11msp005
    7$_NO_HIGHERTAXON$Austromiris sp_bbned11msp026$	Austromiris sp_bbned11msp026
   79$_NO_HIGHERTAXON$Austromiris sp_s003$	Austromiris sp_s003
   70$_NO_HIGHERTAXON$Austromiris sp_s039$	Austromiris sp_s039
  125$_NO_HIGHERTAXON$Austropeplus annulipes$	Austropeplus sp_ms_annulipes
    5$_NO_HIGHERTAXON$Austrovannius scutica$	Austrovannius sp_ms_scutica
    3$_NO_HIGHERTAXON$Austrovannius sp.$	Austrovannius sp.
    1$_NO_HIGHERTAXON$Avicenna inquinata$	Avicenna sp_ms_inquinata
    1$_NO_HIGHERTAXON$Baclozygum bergrothi$	Baclozygum sp_ms_bergrothi
    1$_NO_HIGHERTAXON$Baclozygum depressum$	Baclozygum sp_ms_depressum
    7$_NO_HIGHERTAXON$Bakeriola sp.$	Bakeriola sp.
    2$_NO_HIGHERTAXON$Belenus sp_bbfr12_msp_079$	Belenus sp_bbfr12_msp_079
   91$_NO_HIGHERTAXON$Bironiella sp.$	Bironiella sp.
    1$_NO_HIGHERTAXON$Blesingia fasciatipennis$	Blesingia sp_ms_fasciatipennis
    2$_NO_HIGHERTAXON$Blesingia sp_bbfr12_msp_115$	Blesingia sp_bbfr12_msp_115
    4$_NO_HIGHERTAXON$Boocoris bufiformis$	Boocoris sp_ms_bufiformis
    7$_NO_HIGHERTAXON$Bothriomiris sp.$	Bothriomiris sp.
    1$_NO_HIGHERTAXON$Brachyplatys sp_bbfr12_msp_045$	Brachyplatys sp_bbfr12_msp_045
    3$_NO_HIGHERTAXON$Brentiscerus australis$	Brentiscerus sp_ms_australis
    1$_NO_HIGHERTAXON$Brentiscerus sp$	Brentiscerus sp
    2$_NO_HIGHERTAXON$Bromocoris souefi$	Bromocoris sp_ms_souefi
    7$_NO_HIGHERTAXON$Campylomma liebknechti$	Campylomma sp_ms_liebknechti
    1$_NO_HIGHERTAXON$Campylomma sp$	Campylomma sp
   70$_NO_HIGHERTAXON$Campylomma sp_bbcre11msp085$	Campylomma sp_bbcre11msp085
    3$_NO_HIGHERTAXON$Campylomma sp_bbfr12_msp_124$	Campylomma sp_bbfr12_msp_124
    1$_NO_HIGHERTAXON$Campylomma sp_bbfr12_msp_125$	Campylomma sp_bbfr12_msp_125
    1$_NO_HIGHERTAXON$Campylomma sp_bbfr12_msp_126$	Campylomma sp_bbfr12_msp_126
    1$_NO_HIGHERTAXON$Campylomma sp_bbfr12_msp_127$	Campylomma sp_bbfr12_msp_127
    1$_NO_HIGHERTAXON$Campylomma sp_bbfr12_msp_128$	Campylomma sp_bbfr12_msp_128
    5$_NO_HIGHERTAXON$Campylomma sp_bbned11msp028$	Campylomma sp_bbned11msp028
    1$_NO_HIGHERTAXON$Capyella lobulata$	Capyella sp_ms_lobulata
    3$_NO_HIGHERTAXON$Cardiastethus aridimpressus$	Cardiastethus sp_ms_aridimpressus
    7$_NO_HIGHERTAXON$Carvalhoma malcolmae$	Carvalhoma sp_ms_malcolmae
   10$_NO_HIGHERTAXON$Carvalhoma sp_ms_parva$	Carvalhoma sp_ms_parva
    3$_NO_HIGHERTAXON$Carvalhoma sp_ms_weiri$	Carvalhoma sp_ms_weiri
    2$_NO_HIGHERTAXON$Carvalhoma talpini$	Carvalhoma sp_ms_talpini
   11$_NO_HIGHERTAXON$Caystrus sp$	Caystrus sp
    3$_NO_HIGHERTAXON$Cephaloplatus australis$	Cephaloplatus sp_ms_australis
    1$_NO_HIGHERTAXON$Cephaloplatus bbkimb_msp061$	Cephaloplatus sp_bbkimb_msp061
    1$_NO_HIGHERTAXON$Cephaloplatus pertyi$	Cephaloplatus sp_ms_pertyi
    5$_NO_HIGHERTAXON$Cephaloplatus sp_bbfr12_msp_015$	Cephaloplatus sp_bbfr12_msp_015
    4$_NO_HIGHERTAXON$Cermatulus nasalis$	Cermatulus sp_ms_nasalis
   54$_NO_HIGHERTAXON$Chimsunchartella schwartzi$	Chimsunchartella sp_ms_schwartzi
    2$_NO_HIGHERTAXON$Choerocoris paganus$	Choerocoris sp_ms_paganus
    5$_NO_HIGHERTAXON$Choerocoris variegatus$	Choerocoris sp_ms_variegatus
    3$_NO_HIGHERTAXON$Clavigralloides sp_bbfr12_msp_032$	Clavigralloides sp_bbfr12_msp_032
    6$_NO_HIGHERTAXON$Clavigralloides spinosus$	Clavigralloides sp_ms_spinosus
    1$_NO_HIGHERTAXON$Cletus minutus$	Cletus sp_ms_minutus
   15$_NO_HIGHERTAXON$Cligenes sp_bbfr12_msp_051$	Cligenes sp_bbfr12_msp_051
    1$_NO_HIGHERTAXON$Cligenes sp_bbfr12_msp_052$	Cligenes sp_bbfr12_msp_052
    3$_NO_HIGHERTAXON$Coleotichus costatus$	Coleotichus sp_ms_costatus
    2$_NO_HIGHERTAXON$Cooperocoris australis$	Cooperocoris sp_ms_australis
   83$_NO_HIGHERTAXON$Coridromius chenopoderis$	Coridromius sp_ms_chenopoderis
   83$_NO_HIGHERTAXON$Coridromius monotocopsis$	Coridromius sp_ms_monotocopsis
   15$_NO_HIGHERTAXON$Coridromius mulu$	Coridromius sp_ms_mulu
   14$_NO_HIGHERTAXON$Coridromius norfolkensis$	Coridromius sp_ms_norfolkensis
    2$_NO_HIGHERTAXON$Coridromius sp$	Coridromius sp
    1$_NO_HIGHERTAXON$Coridromius sp_bbfr12_msp_154$	Coridromius sp_bbfr12_msp_154
   87$_NO_HIGHERTAXON$Coridromius sp_bbnabb13msp030$	Coridromius sp_bbnabb13msp030
   73$_NO_HIGHERTAXON$Creontiades dilutus$	Creontiades sp_ms_dilutus
    1$_NO_HIGHERTAXON$Creontiades sp_35$	Creontiades sp_35
    1$_NO_HIGHERTAXON$Creontiades sp_bbgr12msp044$	Creontiades sp_bbgr12msp044
    3$_NO_HIGHERTAXON$Cromerus sp_01$	Cromerus sp_01
    6$_NO_HIGHERTAXON$Crompus oculatus$	Crompus sp_ms_oculatus
  109$_NO_HIGHERTAXON$Crompus opacus$	Crompus sp_ms_opacus
    2$_NO_HIGHERTAXON$Crompus sp_bbcre11msp116$	Crompus sp_bbcre11msp116
   10$_NO_HIGHERTAXON$Cryptorhamphus sp$	Cryptorhamphus sp
  148$_NO_HIGHERTAXON$Cumare pallida$	Cumare sp_ms_pallida
    7$_NO_HIGHERTAXON$Cuspicona apothoracica$	Cuspicona sp_ms_apothoracica
   24$_NO_HIGHERTAXON$Cuspicona privata$	Cuspicona sp_ms_privata
    1$_NO_HIGHERTAXON$Cuspicona simplex$	Cuspicona sp_ms_simplex
    1$_NO_HIGHERTAXON$Cuspicona sp.$	Cuspicona sp.
    4$_NO_HIGHERTAXON$Cuspicona sp_1$	Cuspicona sp_1
   14$_NO_HIGHERTAXON$Cuspicona sp_12$	Cuspicona sp_12
    8$_NO_HIGHERTAXON$Cuspicona sp_13$	Cuspicona sp_13
    3$_NO_HIGHERTAXON$Cuspicona sp_16$	Cuspicona sp_16
    1$_NO_HIGHERTAXON$Cuspicona sp_nr_forticornis$	Cuspicona sp_nr_forticornis
    5$_NO_HIGHERTAXON$Cuspicona thoracica$	Cuspicona sp_ms_thoracica
   21$_NO_HIGHERTAXON$Cylapofulvius sp.$	Cylapofulvius sp.
    1$_NO_HIGHERTAXON$Cymodema basicornis$	Cymodema sp_ms_basicornis
   10$_NO_HIGHERTAXON$Cymodema sp_bbfr12_msp_065$	Cymodema sp_bbfr12_msp_065
    5$_NO_HIGHERTAXON$Cymodema sp_nr_mauritii$	Cymodema sp_nr_mauritii
    1$_NO_HIGHERTAXON$Cymus sp$	Cymus sp
    1$_NO_HIGHERTAXON$Cysteochila sp_02$	Cysteochila sp_02
    2$_NO_HIGHERTAXON$Cysteochila sp_bbfr12_msp_078$	Cysteochila sp_bbfr12_msp_078
  182$_NO_HIGHERTAXON$Darwinocoris australicus$	Darwinocoris sp_ms_australicus
    3$_NO_HIGHERTAXON$Darwinocoris sp_bbfr12_msp_039$	Darwinocoris sp_bbfr12_msp_039
   18$_NO_HIGHERTAXON$Dasymiris sp.$	Dasymiris sp.
   60$_NO_HIGHERTAXON$Democoris sp$	Democoris sp
   11$_NO_HIGHERTAXON$Democoris sp_a$	Democoris sp_a
    2$_NO_HIGHERTAXON$Deraeocoris maoricus$	Deraeocoris sp_ms_maoricus
    2$_NO_HIGHERTAXON$Deroploopsis sp_bbcre11msp127$	Deroploopsis sp_bbcre11msp127
    1$_NO_HIGHERTAXON$Diaphyta sp$	Diaphyta sp
    1$_NO_HIGHERTAXON$Diaphyta sp_bbcre11msp130$	Diaphyta sp_bbcre11msp130
    3$_NO_HIGHERTAXON$Dicranocephalus aroonanus$	Dicranocephalus sp_ms_aroonanus
    3$_NO_HIGHERTAXON$Dicrotelus prolixus$	Dicrotelus sp_ms_prolixus
    5$_NO_HIGHERTAXON$Dictyotus inconspicuus$	Dictyotus sp_ms_inconspicuus
    6$_NO_HIGHERTAXON$Dictyotus roei$	Dictyotus sp_ms_roei
    1$_NO_HIGHERTAXON$Dictyotus sp$	Dictyotus sp
    2$_NO_HIGHERTAXON$Dictyotus tasmanicus$	Dictyotus sp_ms_tasmanicus
    1$_NO_HIGHERTAXON$Dicyphylus scaevolae$	Dicyphylus sp_ms_scaevolae
    1$_NO_HIGHERTAXON$Dieuches sp_bbfr12_msp_073$	Dieuches sp_bbfr12_msp_073
   12$_NO_HIGHERTAXON$Dilompus robustus$	Dilompus sp_ms_robustus
   21$_NO_HIGHERTAXON$Dilompus sp$	Dilompus sp
   29$_NO_HIGHERTAXON$Dilompus woodwardi$	Dilompus sp_ms_woodwardi
   15$_NO_HIGHERTAXON$Dimifacoris ms_bifurcata$	Dimifacoris sp_ms_bifurcata
    3$_NO_HIGHERTAXON$Dimifacoris ms_splendida$	Dimifacoris sp_ms_splendida
    7$_NO_HIGHERTAXON$Dimifacoris sp_np7$	Dimifacoris sp_np7
    1$_NO_HIGHERTAXON$Diniella glabrata$	Diniella sp_ms_glabrata
    8$_NO_HIGHERTAXON$Dinomachellus sp_n_sp_1$	Dinomachellus sp_n_sp_1
    2$_NO_HIGHERTAXON$Dinomachellus sp_n_sp_2$	Dinomachellus sp_n_sp_2
   17$_NO_HIGHERTAXON$Dinomachus australis$	Dinomachus sp_ms_australis
   19$_NO_HIGHERTAXON$Dinomachus sp$	Dinomachus sp
   30$_NO_HIGHERTAXON$Diomocoris fasciatus$	Diomocoris sp_ms_fasciatus
    4$_NO_HIGHERTAXON$Diomocoris granosus$	Diomocoris sp_ms_granosus
   55$_NO_HIGHERTAXON$Diomocoris ostiolum$	Diomocoris sp_ms_ostiolum
  656$_NO_HIGHERTAXON$Diomocoris sp.$	Diomocoris sp.
  184$_NO_HIGHERTAXON$Diomocoris sp_ms_nebulosus$	Diomocoris sp_ms_nebulosus
    9$_NO_HIGHERTAXON$Diplocysta bilobata$	Diplocysta sp_ms_bilobata
    1$_NO_HIGHERTAXON$Diplocysta trilobata$	Diplocysta sp_ms_trilobata
    3$_NO_HIGHERTAXON$Diplonychus planus$	Diplonychus sp_ms_planus
    2$_NO_HIGHERTAXON$Dippilana membranacea$	Dippilana sp_ms_membranacea
    8$_NO_HIGHERTAXON$Duadicus namyatovae$	Duadicus sp_ms_namyatovae
   34$_NO_HIGHERTAXON$Duadicus pallidus$	Duadicus sp_ms_pallidus
   68$_NO_HIGHERTAXON$Dysdercus cingulatus$	Dysdercus sp_ms_cingulatus
    1$_NO_HIGHERTAXON$Dysdercus decussatus$	Dysdercus sp_ms_decussatus
    4$_NO_HIGHERTAXON$Dysdercus sidae$	Dysdercus sp_ms_sidae
   15$_NO_HIGHERTAXON$Elasmostethus emeritus$	Elasmostethus sp_ms_emeritus
   29$_NO_HIGHERTAXON$Elasmostethus lineus$	Elasmostethus sp_ms_lineus
    2$_NO_HIGHERTAXON$Elasmostethus nigropunctatus$	Elasmostethus sp_ms_nigropunctatus
   10$_NO_HIGHERTAXON$Elasmostethus sp.$	Elasmostethus sp.
   50$_NO_HIGHERTAXON$Elasmostethus suffusus$	Elasmostethus sp_ms_suffusus
    8$_NO_HIGHERTAXON$Elasmucha salebrosa$	Elasmucha sp_ms_salebrosa
    1$_NO_HIGHERTAXON$Elasmucha sp.$	Elasmucha sp.
    4$_NO_HIGHERTAXON$Engynoma sp_ms_watarrka$	Engynoma sp_ms_watarrka
   33$_NO_HIGHERTAXON$Engynoma tasmaniae$	Engynoma sp_ms_tasmaniae
  190$_NO_HIGHERTAXON$Engytatus nicotianae$	Engytatus sp_ms_nicotianae
    3$_NO_HIGHERTAXON$Engytatus sp_bbcre11msp102$	Engytatus sp_bbcre11msp102
    1$_NO_HIGHERTAXON$Engytatus sp_bbned11msp016$	Engytatus sp_bbned11msp016
   37$_NO_HIGHERTAXON$Epimixia alitophrosyne$	Epimixia sp_ms_alitophrosyne
    8$_NO_HIGHERTAXON$Epimixia nigriceps$	Epimixia sp_ms_nigriceps
   15$_NO_HIGHERTAXON$Epimixia nigripes ssp. dysmica$	Epimixia sp_nigripes_ssp_dysmica
   48$_NO_HIGHERTAXON$Epimixia sp_ms_aboccidente$	Epimixia sp_ms_aboccidente
    1$_NO_HIGHERTAXON$Epimixia sp_ms_fulva$	Epimixia sp_ms_fulva
    5$_NO_HIGHERTAXON$Epimixia sp_ms_leai$	Epimixia sp_ms_leai
    4$_NO_HIGHERTAXON$Epimixia veteris$	Epimixia sp_ms_veteris
    7$_NO_HIGHERTAXON$Eremotylus mosmanensis$	Eremotylus sp_ms_mosmanensis
    5$_NO_HIGHERTAXON$Eritingis aporema$	Eritingis sp_ms_aporema
   41$_NO_HIGHERTAXON$Eritingis koebeli$	Eritingis sp_ms_koebeli
   27$_NO_HIGHERTAXON$Eritingis sp_01$	Eritingis sp_01
   94$_NO_HIGHERTAXON$Eritingis sp_02$	Eritingis sp_02
   14$_NO_HIGHERTAXON$Eritingis sp_bbcre11msp004$	Eritingis sp_bbcre11msp004
    6$_NO_HIGHERTAXON$Eritingis sp_x$	Eritingis sp_x
    4$_NO_HIGHERTAXON$Eritingis trivirgata$	Eritingis sp_ms_trivirgata
   76$_NO_HIGHERTAXON$Eupolemus angularis$	Eupolemus sp_ms_angularis
   45$_NO_HIGHERTAXON$Eupolemus angustulus$	Eupolemus sp_ms_angustulus
   82$_NO_HIGHERTAXON$Eupolemus insularis$	Eupolemus sp_ms_insularis
    4$_NO_HIGHERTAXON$Eupolemus languidus$	Eupolemus sp_ms_languidus
   13$_NO_HIGHERTAXON$Eupolemus maculicollis$	Eupolemus sp_ms_maculicollis
   35$_NO_HIGHERTAXON$Eupolemus marginatus$	Eupolemus sp_ms_marginatus
    5$_NO_HIGHERTAXON$Eupolemus picturatus$	Eupolemus sp_ms_picturatus
   40$_NO_HIGHERTAXON$Eupolemus sp.$	Eupolemus sp.
    1$_NO_HIGHERTAXON$Eupolemus sp_bbcre11msp122$	Eupolemus sp_bbcre11msp122
   38$_NO_HIGHERTAXON$Eupolemus sp_ms_grossi$	Eupolemus sp_ms_grossi
    3$_NO_HIGHERTAXON$Eupolemus sp_ms_reidi$	Eupolemus sp_ms_reidi
    9$_NO_HIGHERTAXON$Eupolemus sp_ms_snowiera$	Eupolemus sp_ms_snowiera
   24$_NO_HIGHERTAXON$Eupolemus sp_ms_stergepacris$	Eupolemus sp_ms_stergepacris
    2$_NO_HIGHERTAXON$Eupolemus sp_nov_58$	Eupolemus sp_nov_58
   35$_NO_HIGHERTAXON$Eupolemus tasmanicus$	Eupolemus sp_ms_tasmanicus
   79$_NO_HIGHERTAXON$Eupolemus venustulus$	Eupolemus sp_ms_venustulus
   13$_NO_HIGHERTAXON$Eurynysius meschioides$	Eurynysius sp_ms_meschioides
   17$_NO_HIGHERTAXON$Eurynysius sp$	Eurynysius sp
    7$_NO_HIGHERTAXON$Eurynysius sp_nsp_1$	Eurynysius sp_nsp_1
    1$_NO_HIGHERTAXON$Eurynysius sp_nsp_2$	Eurynysius sp_nsp_2
    1$_NO_HIGHERTAXON$Eurynysius sp_nsp_3$	Eurynysius sp_nsp_3
    6$_NO_HIGHERTAXON$Eurynysius sp_nsp_4$	Eurynysius sp_nsp_4
    3$_NO_HIGHERTAXON$Eurynysius sp_nsp_5$	Eurynysius sp_nsp_5
    3$_NO_HIGHERTAXON$Everardia picta$	Everardia sp_ms_picta
    9$_NO_HIGHERTAXON$Everardia sp_n_sp_1$	Everardia sp_n_sp_1
   44$_NO_HIGHERTAXON$Exocarpocoris aurum$	Exocarpocoris sp_ms_aurum
   10$_NO_HIGHERTAXON$Eysarcoris distinctus$	Eysarcoris sp_ms_distinctus
    6$_NO_HIGHERTAXON$Eysarcoris lerreddi$	Eysarcoris sp_ms_lerreddi
    2$_NO_HIGHERTAXON$Eysarcoris sp$	Eysarcoris sp
   76$_NO_HIGHERTAXON$Fingulus atrocaeruleus$	Fingulus sp_ms_atrocaeruleus
    2$_NO_HIGHERTAXON$Fronsetta chrisdarwini$	Fronsetta sp_ms_chrisdarwini
    5$_NO_HIGHERTAXON$Frontimiris bentinckensis$	Frontimiris sp_ms_bentinckensis
   44$_NO_HIGHERTAXON$Frontimiris pandanaphilus$	Frontimiris sp_ms_pandanaphilus
    1$_NO_HIGHERTAXON$Frontimiris sp_nov_monteithi$	Frontimiris sp_nov_monteithi
    2$_NO_HIGHERTAXON$Fulvioaustrus sp.$	Fulvioaustrus sp.
  130$_NO_HIGHERTAXON$Fulvius sp.$	Fulvius sp.
    3$_NO_HIGHERTAXON$Galgacus labidus$	Galgacus sp_ms_labidus
    3$_NO_HIGHERTAXON$Gelonus tasmanicus$	Gelonus sp_ms_tasmanicus
    6$_NO_HIGHERTAXON$Gen Nov QLD sp.$	Gen sp_Nov_QLD_sp
    1$_NO_HIGHERTAXON$Geocoris asetosus$	Geocoris sp_ms_asetosus
    3$_NO_HIGHERTAXON$Geocoris sp_bbfr12_msp_026$	Geocoris sp_bbfr12_msp_026
  180$_NO_HIGHERTAXON$Germalus humeralis$	Germalus sp_ms_humeralis
    5$_NO_HIGHERTAXON$Germalus kurandae$	Germalus sp_ms_kurandae
    1$_NO_HIGHERTAXON$Germalus lineolosus$	Germalus sp_ms_lineolosus
   37$_NO_HIGHERTAXON$Germalus sp$	Germalus sp
   13$_NO_HIGHERTAXON$Germalus sp_bbcre11msp114$	Germalus sp_bbcre11msp114
    1$_NO_HIGHERTAXON$Germalus sp_bbfr12_msp_038$	Germalus sp_bbfr12_msp_038
    2$_NO_HIGHERTAXON$Germalus sp_bbfr12_msp_063$	Germalus sp_bbfr12_msp_063
    7$_NO_HIGHERTAXON$Germalus sp_bbned11msp021$	Germalus sp_bbned11msp021
   63$_NO_HIGHERTAXON$Germalus victoriae$	Germalus sp_ms_victoriae
    1$_NO_HIGHERTAXON$Gminatus sp_bbfr12_msp_101$	Gminatus sp_bbfr12_msp_101
    3$_NO_HIGHERTAXON$Gn_Acanthosomatidae sp_10$	Gn_Acanthosomatidae sp_10
   10$_NO_HIGHERTAXON$Gn_Acanthosomatidae sp_11$	Gn_Acanthosomatidae sp_11
    4$_NO_HIGHERTAXON$Gn_Acanthosomatidae sp_14$	Gn_Acanthosomatidae sp_14
    1$_NO_HIGHERTAXON$Gn_Acanthosomatidae sp_15$	Gn_Acanthosomatidae sp_15
    1$_NO_HIGHERTAXON$Gn_Acanthosomatidae sp_19$	Gn_Acanthosomatidae sp_19
    1$_NO_HIGHERTAXON$Gn_Acanthosomatidae sp_21$	Gn_Acanthosomatidae sp_21
    4$_NO_HIGHERTAXON$Gn_BB-Cydnidae sp_bbcre11msp123$	Gn_BB-Cydnidae sp_bbcre11msp123
    5$_NO_HIGHERTAXON$Gn_BB-Cydnidae sp_bbfr12_msp_060$	Gn_BB-Cydnidae sp_bbfr12_msp_060
    4$_NO_HIGHERTAXON$Gn_BB-Cydnidae sp_bbfr12_msp_061$	Gn_BB-Cydnidae sp_bbfr12_msp_061
    3$_NO_HIGHERTAXON$Gn_BB-Cydnidae sp_bbned11msp030$	Gn_BB-Cydnidae sp_bbned11msp030
    2$_NO_HIGHERTAXON$Gn_BBFR12_Rhyparochromidae sp_bbfr12_msp_059$	Gn_BBFR12_Rhyparochromidae sp_bbfr12_msp_059
    1$_NO_HIGHERTAXON$Gn_BBFR12_Rhyparochromidae sp_bbfr12_msp_070$	Gn_BBFR12_Rhyparochromidae sp_bbfr12_msp_070
    1$_NO_HIGHERTAXON$Gn_BBFR12_Rhyparochromidae sp_bbfr12_msp_071$	Gn_BBFR12_Rhyparochromidae sp_bbfr12_msp_071
    1$_NO_HIGHERTAXON$Gn_BBFR12_Rhyparochromidae sp_bbfr12_msp_075$	Gn_BBFR12_Rhyparochromidae sp_bbfr12_msp_075
    3$_NO_HIGHERTAXON$Gn_BB_Deraeocorini sp_bbfr12_msp_139$	Gn_BB_Deraeocorini sp_bbfr12_msp_139
   22$_NO_HIGHERTAXON$Gn_BB_Halticini sp_bbwa0909_msp_259$	Gn_BB_Halticini sp_bbwa0909_msp_259
    4$_NO_HIGHERTAXON$Gn_BB_Halticini sp_bbwa0909msp063$	Gn_BB_Halticini sp_bbwa0909msp063
    1$_NO_HIGHERTAXON$Gn_BB_Harpactocorine sp_bbcre11msp011$	Gn_BB_Harpactocorine sp_bbcre11msp011
   11$_NO_HIGHERTAXON$Gn_BB_Largidae sp_bbfr12_msp_067$	Gn_BB_Largidae sp_bbfr12_msp_067
   10$_NO_HIGHERTAXON$Gn_BB_Mirini sp_bbcht14msp029$	Gn_BB_Mirini sp_bbcht14msp029
   22$_NO_HIGHERTAXON$Gn_BB_Mirini sp_bbfr12_msp142$	Gn_BB_Mirini sp_bbfr12_msp142
    6$_NO_HIGHERTAXON$Gn_BB_Mirini sp_bbfr12_msp_134$	Gn_BB_Mirini sp_bbfr12_msp_134
    8$_NO_HIGHERTAXON$Gn_BB_Mirini sp_bbfr12_msp_135$	Gn_BB_Mirini sp_bbfr12_msp_135
    3$_NO_HIGHERTAXON$Gn_BB_Mirini sp_bbfr12_msp_137$	Gn_BB_Mirini sp_bbfr12_msp_137
    1$_NO_HIGHERTAXON$Gn_BB_Mirini sp_bbfr12_msp_138$	Gn_BB_Mirini sp_bbfr12_msp_138
   17$_NO_HIGHERTAXON$Gn_BB_Mirini sp_bbned11msp007$	Gn_BB_Mirini sp_bbned11msp007
    4$_NO_HIGHERTAXON$Gn_BB_Mirini sp_nabb13msp103$	Gn_BB_Mirini sp_nabb13msp103
    1$_NO_HIGHERTAXON$Gn_BB_Mirini sp_nabb13msp111$	Gn_BB_Mirini sp_nabb13msp111
    1$_NO_HIGHERTAXON$Gn_BB_Mirini sp_nabb13msp112$	Gn_BB_Mirini sp_nabb13msp112
   17$_NO_HIGHERTAXON$Gn_BB_Orthotylini sp_bbcre11msp031$	Gn_BB_Orthotylini sp_bbcre11msp031
   21$_NO_HIGHERTAXON$Gn_BB_Orthotylini sp_bbcre11msp032$	Gn_BB_Orthotylini sp_bbcre11msp032
   61$_NO_HIGHERTAXON$Gn_BB_Orthotylini sp_bbcre11msp033$	Gn_BB_Orthotylini sp_bbcre11msp033
   24$_NO_HIGHERTAXON$Gn_BB_Orthotylini sp_bbcre11msp035$	Gn_BB_Orthotylini sp_bbcre11msp035
    1$_NO_HIGHERTAXON$Gn_BB_Orthotylini sp_bbcre11msp040$	Gn_BB_Orthotylini sp_bbcre11msp040
   26$_NO_HIGHERTAXON$Gn_BB_Orthotylini sp_bbcre11msp041$	Gn_BB_Orthotylini sp_bbcre11msp041
    5$_NO_HIGHERTAXON$Gn_BB_Orthotylini sp_bbcre11msp048$	Gn_BB_Orthotylini sp_bbcre11msp048
    2$_NO_HIGHERTAXON$Gn_BB_Orthotylini sp_bbcre11msp049$	Gn_BB_Orthotylini sp_bbcre11msp049
    5$_NO_HIGHERTAXON$Gn_BB_Orthotylini sp_bbcre11msp050$	Gn_BB_Orthotylini sp_bbcre11msp050
    6$_NO_HIGHERTAXON$Gn_BB_Orthotylini sp_bbcre11msp052$	Gn_BB_Orthotylini sp_bbcre11msp052
    1$_NO_HIGHERTAXON$Gn_BB_Orthotylini sp_bbcre11msp054$	Gn_BB_Orthotylini sp_bbcre11msp054
    1$_NO_HIGHERTAXON$Gn_BB_Orthotylini sp_bbcre11msp056$	Gn_BB_Orthotylini sp_bbcre11msp056
    2$_NO_HIGHERTAXON$Gn_BB_Orthotylini sp_bbcre11msp061$	Gn_BB_Orthotylini sp_bbcre11msp061
    1$_NO_HIGHERTAXON$Gn_BB_Orthotylini sp_bbcre11msp062$	Gn_BB_Orthotylini sp_bbcre11msp062
    1$_NO_HIGHERTAXON$Gn_BB_Orthotylini sp_bbcre11msp063$	Gn_BB_Orthotylini sp_bbcre11msp063
    6$_NO_HIGHERTAXON$Gn_BB_Orthotylini sp_bbcre11msp065$	Gn_BB_Orthotylini sp_bbcre11msp065
    1$_NO_HIGHERTAXON$Gn_BB_Orthotylini sp_bbcre11msp066$	Gn_BB_Orthotylini sp_bbcre11msp066
    3$_NO_HIGHERTAXON$Gn_BB_Orthotylini sp_bbcre11msp068$	Gn_BB_Orthotylini sp_bbcre11msp068
    3$_NO_HIGHERTAXON$Gn_BB_Orthotylini sp_bbcre11msp099$	Gn_BB_Orthotylini sp_bbcre11msp099
    3$_NO_HIGHERTAXON$Gn_BB_Orthotylini sp_bbculgoamsp055$	Gn_BB_Orthotylini sp_bbculgoamsp055
    2$_NO_HIGHERTAXON$Gn_BB_Orthotylini sp_bbculgoamsp056$	Gn_BB_Orthotylini sp_bbculgoamsp056
    2$_NO_HIGHERTAXON$Gn_BB_Orthotylini sp_bbculgoamsp057$	Gn_BB_Orthotylini sp_bbculgoamsp057
    1$_NO_HIGHERTAXON$Gn_BB_Orthotylini sp_bbculgoamsp058$	Gn_BB_Orthotylini sp_bbculgoamsp058
    7$_NO_HIGHERTAXON$Gn_BB_Orthotylini sp_bbfi14msp008$	Gn_BB_Orthotylini sp_bbfi14msp008
    4$_NO_HIGHERTAXON$Gn_BB_Orthotylini sp_bbfr12msp143$	Gn_BB_Orthotylini sp_bbfr12msp143
    1$_NO_HIGHERTAXON$Gn_BB_Orthotylini sp_bbfr12msp144$	Gn_BB_Orthotylini sp_bbfr12msp144
    9$_NO_HIGHERTAXON$Gn_BB_Orthotylini sp_bbfr12msp145$	Gn_BB_Orthotylini sp_bbfr12msp145
   13$_NO_HIGHERTAXON$Gn_BB_Orthotylini sp_bbfr12msp146$	Gn_BB_Orthotylini sp_bbfr12msp146
    8$_NO_HIGHERTAXON$Gn_BB_Orthotylini sp_bbfr12msp146a$	Gn_BB_Orthotylini sp_bbfr12msp146a
    7$_NO_HIGHERTAXON$Gn_BB_Orthotylini sp_bbfr12msp147$	Gn_BB_Orthotylini sp_bbfr12msp147
    5$_NO_HIGHERTAXON$Gn_BB_Orthotylini sp_bbfr12msp148$	Gn_BB_Orthotylini sp_bbfr12msp148
    1$_NO_HIGHERTAXON$Gn_BB_Orthotylini sp_bbgr12msp036$	Gn_BB_Orthotylini sp_bbgr12msp036
    2$_NO_HIGHERTAXON$Gn_BB_Orthotylini sp_bbgr12msp040$	Gn_BB_Orthotylini sp_bbgr12msp040
    2$_NO_HIGHERTAXON$Gn_BB_Orthotylini sp_bbgr12msp041$	Gn_BB_Orthotylini sp_bbgr12msp041
    6$_NO_HIGHERTAXON$Gn_BB_Orthotylini sp_bbgr12msp042$	Gn_BB_Orthotylini sp_bbgr12msp042
    1$_NO_HIGHERTAXON$Gn_BB_Orthotylini sp_bbgr12msp043$	Gn_BB_Orthotylini sp_bbgr12msp043
    1$_NO_HIGHERTAXON$Gn_BB_Orthotylini sp_bbhen13msp050$	Gn_BB_Orthotylini sp_bbhen13msp050
    5$_NO_HIGHERTAXON$Gn_BB_Orthotylini sp_bbhen13msp057$	Gn_BB_Orthotylini sp_bbhen13msp057
    2$_NO_HIGHERTAXON$Gn_BB_Orthotylini sp_bbhen13msp058$	Gn_BB_Orthotylini sp_bbhen13msp058
    1$_NO_HIGHERTAXON$Gn_BB_Orthotylini sp_bbhen13msp059$	Gn_BB_Orthotylini sp_bbhen13msp059
   15$_NO_HIGHERTAXON$Gn_BB_Orthotylini sp_bbhen13msp060$	Gn_BB_Orthotylini sp_bbhen13msp060
    1$_NO_HIGHERTAXON$Gn_BB_Orthotylini sp_bbhen13msp061$	Gn_BB_Orthotylini sp_bbhen13msp061
    2$_NO_HIGHERTAXON$Gn_BB_Orthotylini sp_bbhen13msp062$	Gn_BB_Orthotylini sp_bbhen13msp062
   56$_NO_HIGHERTAXON$Gn_BB_Orthotylini sp_bbhen13msp063$	Gn_BB_Orthotylini sp_bbhen13msp063
   22$_NO_HIGHERTAXON$Gn_BB_Orthotylini sp_bbhen13msp064$	Gn_BB_Orthotylini sp_bbhen13msp064
   12$_NO_HIGHERTAXON$Gn_BB_Orthotylini sp_bbnabb13msp002$	Gn_BB_Orthotylini sp_bbnabb13msp002
   14$_NO_HIGHERTAXON$Gn_BB_Orthotylini sp_bbnabb13msp002a$	Gn_BB_Orthotylini sp_bbnabb13msp002a
    1$_NO_HIGHERTAXON$Gn_BB_Orthotylini sp_bbnabb13msp043$	Gn_BB_Orthotylini sp_bbnabb13msp043
    1$_NO_HIGHERTAXON$Gn_BB_Orthotylini sp_bbnabb13msp048$	Gn_BB_Orthotylini sp_bbnabb13msp048
    2$_NO_HIGHERTAXON$Gn_BB_Orthotylini sp_bbnabb13msp069$	Gn_BB_Orthotylini sp_bbnabb13msp069
   19$_NO_HIGHERTAXON$Gn_BB_Orthotylini sp_bbnabb13msp077$	Gn_BB_Orthotylini sp_bbnabb13msp077
   31$_NO_HIGHERTAXON$Gn_BB_Orthotylini sp_bbnabb13msp086$	Gn_BB_Orthotylini sp_bbnabb13msp086
    2$_NO_HIGHERTAXON$Gn_BB_Orthotylini sp_bbnabb13msp094$	Gn_BB_Orthotylini sp_bbnabb13msp094
    3$_NO_HIGHERTAXON$Gn_BB_Orthotylini sp_bbnabb13msp098$	Gn_BB_Orthotylini sp_bbnabb13msp098
    8$_NO_HIGHERTAXON$Gn_BB_Orthotylini sp_bbnabb13msp113$	Gn_BB_Orthotylini sp_bbnabb13msp113
    1$_NO_HIGHERTAXON$Gn_BB_Orthotylini sp_bbnabb13msp114$	Gn_BB_Orthotylini sp_bbnabb13msp114
    4$_NO_HIGHERTAXON$Gn_BB_Orthotylini sp_bbnabb13msp115$	Gn_BB_Orthotylini sp_bbnabb13msp115
    3$_NO_HIGHERTAXON$Gn_BB_Orthotylini sp_bbnabb13msp116$	Gn_BB_Orthotylini sp_bbnabb13msp116
   21$_NO_HIGHERTAXON$Gn_BB_Orthotylini sp_bbned11msp031$	Gn_BB_Orthotylini sp_bbned11msp031
    9$_NO_HIGHERTAXON$Gn_BB_Orthotylini sp_bbpilb11msp028$	Gn_BB_Orthotylini sp_bbpilb11msp028
    4$_NO_HIGHERTAXON$Gn_BB_Orthotylini sp_bbpilb11msp029$	Gn_BB_Orthotylini sp_bbpilb11msp029
   19$_NO_HIGHERTAXON$Gn_BB_Orthotylini sp_bbpilb11msp034$	Gn_BB_Orthotylini sp_bbpilb11msp034
    9$_NO_HIGHERTAXON$Gn_BB_Orthotylini sp_bbpilb11msp036$	Gn_BB_Orthotylini sp_bbpilb11msp036
   44$_NO_HIGHERTAXON$Gn_BB_Orthotylini sp_bbpilb11msp037$	Gn_BB_Orthotylini sp_bbpilb11msp037
    4$_NO_HIGHERTAXON$Gn_BB_Orthotylini sp_bbpilb11msp042$	Gn_BB_Orthotylini sp_bbpilb11msp042
   46$_NO_HIGHERTAXON$Gn_BB_Orthotylini sp_bbpilb11msp043$	Gn_BB_Orthotylini sp_bbpilb11msp043
   17$_NO_HIGHERTAXON$Gn_BB_Orthotylini sp_bbpilb11msp044$	Gn_BB_Orthotylini sp_bbpilb11msp044
    1$_NO_HIGHERTAXON$Gn_BB_Orthotylini sp_bbpilb11msp045$	Gn_BB_Orthotylini sp_bbpilb11msp045
    6$_NO_HIGHERTAXON$Gn_BB_Orthotylini sp_bbpilb11msp054$	Gn_BB_Orthotylini sp_bbpilb11msp054
    1$_NO_HIGHERTAXON$Gn_BB_Orthotylini sp_bbqld10msp098$	Gn_BB_Orthotylini sp_bbqld10msp098
    1$_NO_HIGHERTAXON$Gn_BB_Orthotylini sp_bbqld10msp099$	Gn_BB_Orthotylini sp_bbqld10msp099
    1$_NO_HIGHERTAXON$Gn_BB_Orthotylini sp_bbqld10msp103$	Gn_BB_Orthotylini sp_bbqld10msp103
    5$_NO_HIGHERTAXON$Gn_BB_Orthotylini sp_bbvic11msp014$	Gn_BB_Orthotylini sp_bbvic11msp014
   16$_NO_HIGHERTAXON$Gn_BB_Orthotylini sp_bbvic11msp039a$	Gn_BB_Orthotylini sp_bbvic11msp039a
   36$_NO_HIGHERTAXON$Gn_BB_Orthotylini sp_bbwa0909msp016$	Gn_BB_Orthotylini sp_bbwa0909msp016
    8$_NO_HIGHERTAXON$Gn_BB_Orthotylini sp_bbwa0909msp023$	Gn_BB_Orthotylini sp_bbwa0909msp023
   15$_NO_HIGHERTAXON$Gn_BB_Orthotylini sp_bbwa0909msp033$	Gn_BB_Orthotylini sp_bbwa0909msp033
   10$_NO_HIGHERTAXON$Gn_BB_Orthotylini sp_bbwa0909msp043$	Gn_BB_Orthotylini sp_bbwa0909msp043
   44$_NO_HIGHERTAXON$Gn_BB_Orthotylini sp_bbwa0909msp052$	Gn_BB_Orthotylini sp_bbwa0909msp052
   23$_NO_HIGHERTAXON$Gn_BB_Orthotylini sp_bbwa0909msp092$	Gn_BB_Orthotylini sp_bbwa0909msp092
    1$_NO_HIGHERTAXON$Gn_BB_Orthotylini sp_bbwa0909msp095$	Gn_BB_Orthotylini sp_bbwa0909msp095
    2$_NO_HIGHERTAXON$Gn_BB_Orthotylini sp_bbwa0909msp118$	Gn_BB_Orthotylini sp_bbwa0909msp118
   10$_NO_HIGHERTAXON$Gn_BB_Orthotylini sp_bbwa0909msp125$	Gn_BB_Orthotylini sp_bbwa0909msp125
   13$_NO_HIGHERTAXON$Gn_BB_Orthotylini sp_bbwa0909msp148$	Gn_BB_Orthotylini sp_bbwa0909msp148
    1$_NO_HIGHERTAXON$Gn_BB_Orthotylini sp_bbwa0909msp150$	Gn_BB_Orthotylini sp_bbwa0909msp150
    6$_NO_HIGHERTAXON$Gn_BB_Orthotylini sp_bbwa0909msp161$	Gn_BB_Orthotylini sp_bbwa0909msp161
   36$_NO_HIGHERTAXON$Gn_BB_Orthotylini sp_bbwa0909msp174$	Gn_BB_Orthotylini sp_bbwa0909msp174
    1$_NO_HIGHERTAXON$Gn_BB_Orthotylini sp_bbwa0909msp228$	Gn_BB_Orthotylini sp_bbwa0909msp228
   10$_NO_HIGHERTAXON$Gn_BB_Orthotylini sp_bbwa0909msp232$	Gn_BB_Orthotylini sp_bbwa0909msp232
   15$_NO_HIGHERTAXON$Gn_BB_Orthotylini sp_bbwa0909msp243$	Gn_BB_Orthotylini sp_bbwa0909msp243
    5$_NO_HIGHERTAXON$Gn_BB_Orthotylini sp_bbwa0909msp264$	Gn_BB_Orthotylini sp_bbwa0909msp264
    2$_NO_HIGHERTAXON$Gn_BB_Orthotylini sp_bbwa0909msp267$	Gn_BB_Orthotylini sp_bbwa0909msp267
   26$_NO_HIGHERTAXON$Gn_BB_Orthotylini sp_bbwa0909msp268$	Gn_BB_Orthotylini sp_bbwa0909msp268
    2$_NO_HIGHERTAXON$Gn_BB_Orthotylini sp_bbwa0909msp276$	Gn_BB_Orthotylini sp_bbwa0909msp276
    5$_NO_HIGHERTAXON$Gn_BB_Orthotylini sp_bbwa0909msp288$	Gn_BB_Orthotylini sp_bbwa0909msp288
    2$_NO_HIGHERTAXON$Gn_BB_Orthotylini sp_bbwa0909msp289$	Gn_BB_Orthotylini sp_bbwa0909msp289
   31$_NO_HIGHERTAXON$Gn_BB_Orthotylini sp_bbwa0909msp293$	Gn_BB_Orthotylini sp_bbwa0909msp293
    1$_NO_HIGHERTAXON$Gn_BB_Orthotylini sp_bbwa0909msp304$	Gn_BB_Orthotylini sp_bbwa0909msp304
    5$_NO_HIGHERTAXON$Gn_BB_Orthotylini sp_bbwa0909msp308$	Gn_BB_Orthotylini sp_bbwa0909msp308
    2$_NO_HIGHERTAXON$Gn_BB_Orthotylini sp_bbwa0909msp312$	Gn_BB_Orthotylini sp_bbwa0909msp312
    8$_NO_HIGHERTAXON$Gn_BB_Orthotylini sp_bbwa0909msp316$	Gn_BB_Orthotylini sp_bbwa0909msp316
    2$_NO_HIGHERTAXON$Gn_BB_Orthotylini sp_bbwa0909msp317$	Gn_BB_Orthotylini sp_bbwa0909msp317
   20$_NO_HIGHERTAXON$Gn_BB_Orthotylini sp_bbwa0909msp321$	Gn_BB_Orthotylini sp_bbwa0909msp321
    3$_NO_HIGHERTAXON$Gn_BB_Pentatomidae sp_bbcre11msp129$	Gn_BB_Pentatomidae sp_bbcre11msp129
    1$_NO_HIGHERTAXON$Gn_BB_Pentatomidae sp_bbfr12_msp_021$	Gn_BB_Pentatomidae sp_bbfr12_msp_021
    1$_NO_HIGHERTAXON$Gn_BB_Phylini sp$	Gn_BB_Phylini sp
   32$_NO_HIGHERTAXON$Gn_BB_Phylini sp_bbfr12msp117$	Gn_BB_Phylini sp_bbfr12msp117
    3$_NO_HIGHERTAXON$Gn_BB_Phylini sp_bbfr12msp118$	Gn_BB_Phylini sp_bbfr12msp118
    1$_NO_HIGHERTAXON$Gn_BB_Phylini sp_bbfr12msp119$	Gn_BB_Phylini sp_bbfr12msp119
    1$_NO_HIGHERTAXON$Gn_BB_Phylini sp_bbfr12msp121$	Gn_BB_Phylini sp_bbfr12msp121
    1$_NO_HIGHERTAXON$Gn_BB_Phylini sp_bbfr12msp122$	Gn_BB_Phylini sp_bbfr12msp122
    3$_NO_HIGHERTAXON$Gn_BB_Phylini sp_bbfr12msp123$	Gn_BB_Phylini sp_bbfr12msp123
   13$_NO_HIGHERTAXON$Gn_BB_Phylini sp_bbfr12msp130$	Gn_BB_Phylini sp_bbfr12msp130
    2$_NO_HIGHERTAXON$Gn_BB_Phylini sp_bbfr12msp131$	Gn_BB_Phylini sp_bbfr12msp131
    9$_NO_HIGHERTAXON$Gn_BB_Phylini sp_bbfr12msp132$	Gn_BB_Phylini sp_bbfr12msp132
    1$_NO_HIGHERTAXON$Gn_BB_Pilophorini sp_bbfr12_msp_116$	Gn_BB_Pilophorini sp_bbfr12_msp_116
    1$_NO_HIGHERTAXON$Gn_BB_Ploiariolini sp_bbfr12_msp_108$	Gn_BB_Ploiariolini sp_bbfr12_msp_108
    1$_NO_HIGHERTAXON$Gn_BB_Reduvidae sp_bbned11msp017$	Gn_BB_Reduvidae sp_bbned11msp017
    1$_NO_HIGHERTAXON$Gn_BB_Reduvidae sp_bbned11msp039$	Gn_BB_Reduvidae sp_bbned11msp039
   10$_NO_HIGHERTAXON$Gn_BB_Rhyparochromidae sp_bbfr12_msp_050$	Gn_BB_Rhyparochromidae sp_bbfr12_msp_050
  259$_NO_HIGHERTAXON$Gn_BB_Rhyparochromidae sp_bbned11msp043$	Gn_BB_Rhyparochromidae sp_bbned11msp043
    1$_NO_HIGHERTAXON$Gn_BB_Schizopteridae sp_bbfr12_msp_029$	Gn_BB_Schizopteridae sp_bbfr12_msp_029
    1$_NO_HIGHERTAXON$Gn_BB_Stenopodainae sp_bbcre11msp012$	Gn_BB_Stenopodainae sp_bbcre11msp012
   23$_NO_HIGHERTAXON$Gn_BB_Tingini sp_bbfr12_165$	Gn_BB_Tingini sp_bbfr12_165
   68$_NO_HIGHERTAXON$Gn_BB_Tingini sp_bbfr12_msp_077$	Gn_BB_Tingini sp_bbfr12_msp_077
    1$_NO_HIGHERTAXON$Gn_BB_Udeocorini sp_bbvic11_msp019$	Gn_BB_Udeocorini sp_bbvic11_msp019
   24$_NO_HIGHERTAXON$Gn_BB_Zanchini sp_bbcht14msp011$	Gn_BB_Zanchini sp_bbcht14msp011
   12$_NO_HIGHERTAXON$Gn_BB_Zanchini sp_bbcre11msp071$	Gn_BB_Zanchini sp_bbcre11msp071
    1$_NO_HIGHERTAXON$Gn_BB_Zanchini sp_bbcre11msp072$	Gn_BB_Zanchini sp_bbcre11msp072
    7$_NO_HIGHERTAXON$Gn_BB_Zanchini sp_bbcre11msp073$	Gn_BB_Zanchini sp_bbcre11msp073
    1$_NO_HIGHERTAXON$Gn_BB_Zanchini sp_bbcre11msp074$	Gn_BB_Zanchini sp_bbcre11msp074
    1$_NO_HIGHERTAXON$Gn_BB_Zanchini sp_bbnabb13_msp093$	Gn_BB_Zanchini sp_bbnabb13_msp093
   10$_NO_HIGHERTAXON$Gn_BB_Zanchini sp_bbqld10msp089$	Gn_BB_Zanchini sp_bbqld10msp089
   11$_NO_HIGHERTAXON$Gn_BB_Zanchini sp_bbqld10msp091$	Gn_BB_Zanchini sp_bbqld10msp091
    2$_NO_HIGHERTAXON$Gn_BB_Zanchini sp_bbqld10msp093$	Gn_BB_Zanchini sp_bbqld10msp093
    6$_NO_HIGHERTAXON$Gn_BB_Zanchini sp_bbqld10msp097$	Gn_BB_Zanchini sp_bbqld10msp097
   19$_NO_HIGHERTAXON$Gn_BB_Zanchini sp_bbvic11msp001$	Gn_BB_Zanchini sp_bbvic11msp001
    1$_NO_HIGHERTAXON$Gn_BB_unknown sp_bbcre11unknown$	Gn_BB_unknown sp_bbcre11unknown
    1$_NO_HIGHERTAXON$Gn_BB_unknown sp_bbfr12_msp_020$	Gn_BB_unknown sp_bbfr12_msp_020
    1$_NO_HIGHERTAXON$Gn_Cydnidae sp_20$	Gn_Cydnidae sp_20
    1$_NO_HIGHERTAXON$Gn_Emesinae sp.$	Gn_Emesinae sp.
    1$_NO_HIGHERTAXON$Gn_Leucophoropterini sp_43$	Gn_Leucophoropterini sp_43
    7$_NO_HIGHERTAXON$Gn_Myrtlemiris_complex sp_wa0909_msp016$	Gn_Myrtlemiris_complex sp_wa0909_msp016
    4$_NO_HIGHERTAXON$Gn_Myrtlemiris_complex sp_wa0909_msp024$	Gn_Myrtlemiris_complex sp_wa0909_msp024
    3$_NO_HIGHERTAXON$Gn_Myrtlemiris_complex sp_wa0909_msp025$	Gn_Myrtlemiris_complex sp_wa0909_msp025
    5$_NO_HIGHERTAXON$Gn_Myrtlemiris_complex sp_wa0909_msp043$	Gn_Myrtlemiris_complex sp_wa0909_msp043
   13$_NO_HIGHERTAXON$Gn_Myrtlemiris_complex sp_wa0909_msp055$	Gn_Myrtlemiris_complex sp_wa0909_msp055
   13$_NO_HIGHERTAXON$Gn_Myrtlemiris_complex sp_wa0909_msp092$	Gn_Myrtlemiris_complex sp_wa0909_msp092
    1$_NO_HIGHERTAXON$Gn_Myrtlemiris_complex sp_wa0909_msp147$	Gn_Myrtlemiris_complex sp_wa0909_msp147
    4$_NO_HIGHERTAXON$Gn_Myrtlemiris_complex sp_wa0909_msp148$	Gn_Myrtlemiris_complex sp_wa0909_msp148
    2$_NO_HIGHERTAXON$Gn_Myrtlemiris_complex sp_wa0909_msp168$	Gn_Myrtlemiris_complex sp_wa0909_msp168
    4$_NO_HIGHERTAXON$Gn_Myrtlemiris_complex sp_wa0909_msp168?$	Gn_Myrtlemiris_complex sp_wa0909_msp168?
    1$_NO_HIGHERTAXON$Gn_Myrtlemiris_complex sp_wa0909_msp214$	Gn_Myrtlemiris_complex sp_wa0909_msp214
    2$_NO_HIGHERTAXON$Gn_Myrtlemiris_complex sp_wa0909_msp240$	Gn_Myrtlemiris_complex sp_wa0909_msp240
    2$_NO_HIGHERTAXON$Gn_Myrtlemiris_complex sp_wa0909_msp243$	Gn_Myrtlemiris_complex sp_wa0909_msp243
    2$_NO_HIGHERTAXON$Gn_Myrtlemiris_complex sp_wa0909_msp279$	Gn_Myrtlemiris_complex sp_wa0909_msp279
    1$_NO_HIGHERTAXON$Gn_Myrtlemiris_complex sp_wa0909msp321$	Gn_Myrtlemiris_complex sp_wa0909msp321
   25$_NO_HIGHERTAXON$Gn_Nabidae sp_24$	Gn_Nabidae sp_24
   21$_NO_HIGHERTAXON$Gn_Ochteridae sp_2$	Gn_Ochteridae sp_2
   62$_NO_HIGHERTAXON$Gn_OrthotyliniGp1 sp_005$	Gn_OrthotyliniGp1 sp_005
    3$_NO_HIGHERTAXON$Gn_OrthotyliniGp1 sp_006$	Gn_OrthotyliniGp1 sp_006
   39$_NO_HIGHERTAXON$Gn_OrthotyliniGp1 sp_007$	Gn_OrthotyliniGp1 sp_007
   22$_NO_HIGHERTAXON$Gn_OrthotyliniGp1 sp_008$	Gn_OrthotyliniGp1 sp_008
  106$_NO_HIGHERTAXON$Gn_OrthotyliniGp10 sp_001$	Gn_OrthotyliniGp10 sp_001
    1$_NO_HIGHERTAXON$Gn_OrthotyliniGp10 sp_002$	Gn_OrthotyliniGp10 sp_002
   21$_NO_HIGHERTAXON$Gn_OrthotyliniGp11 sp_002$	Gn_OrthotyliniGp11 sp_002
    1$_NO_HIGHERTAXON$Gn_OrthotyliniGp11 sp_003$	Gn_OrthotyliniGp11 sp_003
   21$_NO_HIGHERTAXON$Gn_OrthotyliniGp11 sp_004$	Gn_OrthotyliniGp11 sp_004
   78$_NO_HIGHERTAXON$Gn_OrthotyliniGp14 sp_001$	Gn_OrthotyliniGp14 sp_001
   38$_NO_HIGHERTAXON$Gn_OrthotyliniGp14 sp_002$	Gn_OrthotyliniGp14 sp_002
   58$_NO_HIGHERTAXON$Gn_OrthotyliniGp15 sp_002$	Gn_OrthotyliniGp15 sp_002
   40$_NO_HIGHERTAXON$Gn_OrthotyliniGp15 sp_004$	Gn_OrthotyliniGp15 sp_004
    2$_NO_HIGHERTAXON$Gn_OrthotyliniGp16 sp_001$	Gn_OrthotyliniGp16 sp_001
   52$_NO_HIGHERTAXON$Gn_OrthotyliniGp17 sp_001$	Gn_OrthotyliniGp17 sp_001
    1$_NO_HIGHERTAXON$Gn_OrthotyliniGp17 sp_002$	Gn_OrthotyliniGp17 sp_002
  381$_NO_HIGHERTAXON$Gn_OrthotyliniGp18 sp_001$	Gn_OrthotyliniGp18 sp_001
    6$_NO_HIGHERTAXON$Gn_OrthotyliniGp1C sp_v_sim_to_0080$	Gn_OrthotyliniGp1C sp_v_sim_to_0080
   68$_NO_HIGHERTAXON$Gn_OrthotyliniGp2 sp_006$	Gn_OrthotyliniGp2 sp_006
   16$_NO_HIGHERTAXON$Gn_OrthotyliniGp2 sp_008$	Gn_OrthotyliniGp2 sp_008
    8$_NO_HIGHERTAXON$Gn_OrthotyliniGp20 sp_001$	Gn_OrthotyliniGp20 sp_001
   11$_NO_HIGHERTAXON$Gn_OrthotyliniGp20 sp_008$	Gn_OrthotyliniGp20 sp_008
   39$_NO_HIGHERTAXON$Gn_OrthotyliniGp20 sp_009$	Gn_OrthotyliniGp20 sp_009
   33$_NO_HIGHERTAXON$Gn_OrthotyliniGp20 sp_010$	Gn_OrthotyliniGp20 sp_010
   12$_NO_HIGHERTAXON$Gn_OrthotyliniGp20 sp_011$	Gn_OrthotyliniGp20 sp_011
   21$_NO_HIGHERTAXON$Gn_OrthotyliniGp20 sp_015$	Gn_OrthotyliniGp20 sp_015
   88$_NO_HIGHERTAXON$Gn_OrthotyliniGp21 sp_001$	Gn_OrthotyliniGp21 sp_001
    4$_NO_HIGHERTAXON$Gn_OrthotyliniGp22 sp_002$	Gn_OrthotyliniGp22 sp_002
   13$_NO_HIGHERTAXON$Gn_OrthotyliniGp23 sp_001$	Gn_OrthotyliniGp23 sp_001
   29$_NO_HIGHERTAXON$Gn_OrthotyliniGp23 sp_003$	Gn_OrthotyliniGp23 sp_003
   66$_NO_HIGHERTAXON$Gn_OrthotyliniGp23 sp_004$	Gn_OrthotyliniGp23 sp_004
   18$_NO_HIGHERTAXON$Gn_OrthotyliniGp23 sp_005$	Gn_OrthotyliniGp23 sp_005
   43$_NO_HIGHERTAXON$Gn_OrthotyliniGp24 sp_001$	Gn_OrthotyliniGp24 sp_001
    5$_NO_HIGHERTAXON$Gn_OrthotyliniGp26 sp_001$	Gn_OrthotyliniGp26 sp_001
   62$_NO_HIGHERTAXON$Gn_OrthotyliniGp26 sp_002$	Gn_OrthotyliniGp26 sp_002
    4$_NO_HIGHERTAXON$Gn_OrthotyliniGp26 sp_003$	Gn_OrthotyliniGp26 sp_003
   71$_NO_HIGHERTAXON$Gn_OrthotyliniGp26 sp_004$	Gn_OrthotyliniGp26 sp_004
   11$_NO_HIGHERTAXON$Gn_OrthotyliniGp28 sp_002$	Gn_OrthotyliniGp28 sp_002
   16$_NO_HIGHERTAXON$Gn_OrthotyliniGp29 sp_001$	Gn_OrthotyliniGp29 sp_001
    2$_NO_HIGHERTAXON$Gn_OrthotyliniGp2B sp_nsp_003$	Gn_OrthotyliniGp2B sp_nsp_003
   29$_NO_HIGHERTAXON$Gn_OrthotyliniGp2B sp_nsp_004$	Gn_OrthotyliniGp2B sp_nsp_004
   51$_NO_HIGHERTAXON$Gn_OrthotyliniGp3 sp_002$	Gn_OrthotyliniGp3 sp_002
    6$_NO_HIGHERTAXON$Gn_OrthotyliniGp3 sp_003$	Gn_OrthotyliniGp3 sp_003
   40$_NO_HIGHERTAXON$Gn_OrthotyliniGp3 sp_005$	Gn_OrthotyliniGp3 sp_005
    6$_NO_HIGHERTAXON$Gn_OrthotyliniGp30 sp_001$	Gn_OrthotyliniGp30 sp_001
   13$_NO_HIGHERTAXON$Gn_OrthotyliniGp31 sp_001$	Gn_OrthotyliniGp31 sp_001
    6$_NO_HIGHERTAXON$Gn_OrthotyliniGp31 sp_003$	Gn_OrthotyliniGp31 sp_003
    5$_NO_HIGHERTAXON$Gn_OrthotyliniGp31 sp_006$	Gn_OrthotyliniGp31 sp_006
   41$_NO_HIGHERTAXON$Gn_OrthotyliniGp34 sp_001$	Gn_OrthotyliniGp34 sp_001
    4$_NO_HIGHERTAXON$Gn_OrthotyliniGp34 sp_004$	Gn_OrthotyliniGp34 sp_004
   23$_NO_HIGHERTAXON$Gn_OrthotyliniGp34 sp_005$	Gn_OrthotyliniGp34 sp_005
   60$_NO_HIGHERTAXON$Gn_OrthotyliniGp34 sp_006$	Gn_OrthotyliniGp34 sp_006
   20$_NO_HIGHERTAXON$Gn_OrthotyliniGp34 sp_007$	Gn_OrthotyliniGp34 sp_007
   34$_NO_HIGHERTAXON$Gn_OrthotyliniGp34 sp_008$	Gn_OrthotyliniGp34 sp_008
   66$_NO_HIGHERTAXON$Gn_OrthotyliniGp35 sp_002$	Gn_OrthotyliniGp35 sp_002
   15$_NO_HIGHERTAXON$Gn_OrthotyliniGp35 sp_003$	Gn_OrthotyliniGp35 sp_003
   14$_NO_HIGHERTAXON$Gn_OrthotyliniGp35 sp_004$	Gn_OrthotyliniGp35 sp_004
   10$_NO_HIGHERTAXON$Gn_OrthotyliniGp36 sp_001$	Gn_OrthotyliniGp36 sp_001
    4$_NO_HIGHERTAXON$Gn_OrthotyliniGp36 sp_002$	Gn_OrthotyliniGp36 sp_002
    4$_NO_HIGHERTAXON$Gn_OrthotyliniGp37 sp_001$	Gn_OrthotyliniGp37 sp_001
  255$_NO_HIGHERTAXON$Gn_OrthotyliniGp38 sp_001$	Gn_OrthotyliniGp38 sp_001
   42$_NO_HIGHERTAXON$Gn_OrthotyliniGp38 sp_002$	Gn_OrthotyliniGp38 sp_002
   32$_NO_HIGHERTAXON$Gn_OrthotyliniGp38 sp_003$	Gn_OrthotyliniGp38 sp_003
  167$_NO_HIGHERTAXON$Gn_OrthotyliniGp38 sp_004$	Gn_OrthotyliniGp38 sp_004
    7$_NO_HIGHERTAXON$Gn_OrthotyliniGp4 sp_004$	Gn_OrthotyliniGp4 sp_004
   36$_NO_HIGHERTAXON$Gn_OrthotyliniGp4 sp_006$	Gn_OrthotyliniGp4 sp_006
   51$_NO_HIGHERTAXON$Gn_OrthotyliniGp4 sp_021$	Gn_OrthotyliniGp4 sp_021
   12$_NO_HIGHERTAXON$Gn_OrthotyliniGp4 sp_024$	Gn_OrthotyliniGp4 sp_024
    3$_NO_HIGHERTAXON$Gn_OrthotyliniGp4 sp_025$	Gn_OrthotyliniGp4 sp_025
   38$_NO_HIGHERTAXON$Gn_OrthotyliniGp4 sp_026$	Gn_OrthotyliniGp4 sp_026
   44$_NO_HIGHERTAXON$Gn_OrthotyliniGp4 sp_027$	Gn_OrthotyliniGp4 sp_027
    6$_NO_HIGHERTAXON$Gn_OrthotyliniGp4 sp_029$	Gn_OrthotyliniGp4 sp_029
    5$_NO_HIGHERTAXON$Gn_OrthotyliniGp4 sp_030$	Gn_OrthotyliniGp4 sp_030
   16$_NO_HIGHERTAXON$Gn_OrthotyliniGp4 sp_031$	Gn_OrthotyliniGp4 sp_031
    4$_NO_HIGHERTAXON$Gn_OrthotyliniGp4 sp_032$	Gn_OrthotyliniGp4 sp_032
   22$_NO_HIGHERTAXON$Gn_OrthotyliniGp4 sp_033$	Gn_OrthotyliniGp4 sp_033
   38$_NO_HIGHERTAXON$Gn_OrthotyliniGp4 sp_034$	Gn_OrthotyliniGp4 sp_034
    2$_NO_HIGHERTAXON$Gn_OrthotyliniGp4 sp_035$	Gn_OrthotyliniGp4 sp_035
    5$_NO_HIGHERTAXON$Gn_OrthotyliniGp4 sp_036$	Gn_OrthotyliniGp4 sp_036
   31$_NO_HIGHERTAXON$Gn_OrthotyliniGp4 sp_037$	Gn_OrthotyliniGp4 sp_037
   35$_NO_HIGHERTAXON$Gn_OrthotyliniGp4C sp_nsp_006$	Gn_OrthotyliniGp4C sp_nsp_006
  148$_NO_HIGHERTAXON$Gn_OrthotyliniGp4C sp_nsp_014$	Gn_OrthotyliniGp4C sp_nsp_014
   24$_NO_HIGHERTAXON$Gn_OrthotyliniGp4C sp_nsp_015$	Gn_OrthotyliniGp4C sp_nsp_015
   12$_NO_HIGHERTAXON$Gn_OrthotyliniGp4C sp_nsp_016$	Gn_OrthotyliniGp4C sp_nsp_016
   12$_NO_HIGHERTAXON$Gn_OrthotyliniGp4C sp_nsp_017$	Gn_OrthotyliniGp4C sp_nsp_017
    2$_NO_HIGHERTAXON$Gn_OrthotyliniGp4C sp_nsp_018$	Gn_OrthotyliniGp4C sp_nsp_018
   56$_NO_HIGHERTAXON$Gn_OrthotyliniGp5 sp_001$	Gn_OrthotyliniGp5 sp_001
   11$_NO_HIGHERTAXON$Gn_OrthotyliniGp5 sp_002$	Gn_OrthotyliniGp5 sp_002
  184$_NO_HIGHERTAXON$Gn_OrthotyliniGp5 sp_003$	Gn_OrthotyliniGp5 sp_003
    3$_NO_HIGHERTAXON$Gn_OrthotyliniGp5 sp_004$	Gn_OrthotyliniGp5 sp_004
    2$_NO_HIGHERTAXON$Gn_OrthotyliniGp5 sp_008$	Gn_OrthotyliniGp5 sp_008
    8$_NO_HIGHERTAXON$Gn_OrthotyliniGp5 sp_010$	Gn_OrthotyliniGp5 sp_010
    7$_NO_HIGHERTAXON$Gn_OrthotyliniGp5 sp_011$	Gn_OrthotyliniGp5 sp_011
    7$_NO_HIGHERTAXON$Gn_OrthotyliniGp5 sp_012$	Gn_OrthotyliniGp5 sp_012
   15$_NO_HIGHERTAXON$Gn_OrthotyliniGp5 sp_013$	Gn_OrthotyliniGp5 sp_013
   38$_NO_HIGHERTAXON$Gn_OrthotyliniGp5 sp_014$	Gn_OrthotyliniGp5 sp_014
   33$_NO_HIGHERTAXON$Gn_OrthotyliniGp6 sp_001$	Gn_OrthotyliniGp6 sp_001
   18$_NO_HIGHERTAXON$Gn_OrthotyliniGp6 sp_002$	Gn_OrthotyliniGp6 sp_002
    5$_NO_HIGHERTAXON$Gn_OrthotyliniGp6 sp_004$	Gn_OrthotyliniGp6 sp_004
    1$_NO_HIGHERTAXON$Gn_OrthotyliniGp6 sp_005$	Gn_OrthotyliniGp6 sp_005
   14$_NO_HIGHERTAXON$Gn_OrthotyliniGp7 sp_001$	Gn_OrthotyliniGp7 sp_001
   39$_NO_HIGHERTAXON$Gn_OrthotyliniGp7 sp_002$	Gn_OrthotyliniGp7 sp_002
   15$_NO_HIGHERTAXON$Gn_OrthotyliniGp7 sp_005$	Gn_OrthotyliniGp7 sp_005
   47$_NO_HIGHERTAXON$Gn_OrthotyliniGp7 sp_006$	Gn_OrthotyliniGp7 sp_006
    9$_NO_HIGHERTAXON$Gn_OrthotyliniGp7 sp_008$	Gn_OrthotyliniGp7 sp_008
   10$_NO_HIGHERTAXON$Gn_OrthotyliniGp7 sp_009$	Gn_OrthotyliniGp7 sp_009
   22$_NO_HIGHERTAXON$Gn_OrthotyliniGp7 sp_010$	Gn_OrthotyliniGp7 sp_010
    5$_NO_HIGHERTAXON$Gn_OrthotyliniGp7 sp_011$	Gn_OrthotyliniGp7 sp_011
    7$_NO_HIGHERTAXON$Gn_OrthotyliniGp7 sp_012$	Gn_OrthotyliniGp7 sp_012
   21$_NO_HIGHERTAXON$Gn_OrthotyliniGp7 sp_013$	Gn_OrthotyliniGp7 sp_013
    1$_NO_HIGHERTAXON$Gn_OrthotyliniGp7 sp_014$	Gn_OrthotyliniGp7 sp_014
   19$_NO_HIGHERTAXON$Gn_OrthotyliniGp7 sp_015$	Gn_OrthotyliniGp7 sp_015
   74$_NO_HIGHERTAXON$Gn_OrthotyliniGp8 sp_001$	Gn_OrthotyliniGp8 sp_001
   12$_NO_HIGHERTAXON$Gn_OrthotyliniGp8 sp_002$	Gn_OrthotyliniGp8 sp_002
   89$_NO_HIGHERTAXON$Gn_OrthotyliniGp8 sp_003$	Gn_OrthotyliniGp8 sp_003
   17$_NO_HIGHERTAXON$Gn_OrthotyliniGp8 sp_004$	Gn_OrthotyliniGp8 sp_004
   20$_NO_HIGHERTAXON$Gn_OrthotyliniGp8 sp_005$	Gn_OrthotyliniGp8 sp_005
   25$_NO_HIGHERTAXON$Gn_OrthotyliniGp8B sp_nsp_001$	Gn_OrthotyliniGp8B sp_nsp_001
   83$_NO_HIGHERTAXON$Gn_OrthotyliniGp9 sp_002$	Gn_OrthotyliniGp9 sp_002
    3$_NO_HIGHERTAXON$Gn_OrthotyliniGp9 sp_005$	Gn_OrthotyliniGp9 sp_005
    2$_NO_HIGHERTAXON$Gn_Phylini sp_46$	Gn_Phylini sp_46
    1$_NO_HIGHERTAXON$Gn_Phylini sp_47$	Gn_Phylini sp_47
    2$_NO_HIGHERTAXON$Gn_Saldidae sp_3$	Gn_Saldidae sp_3
    1$_NO_HIGHERTAXON$Gn_Tingidae sp_30$	Gn_Tingidae sp_30
    1$_NO_HIGHERTAXON$Gn_Zanchiini sp_48$	Gn_Zanchiini sp_48
    2$_NO_HIGHERTAXON$Gn_ms_Ambyxella sp_ms_bicolouratus$	Gn_ms_Ambyxella sp_ms_bicolouratus
   26$_NO_HIGHERTAXON$Gn_ms_Austrobucculus sp$	Gn_ms_Austrobucculus sp
   64$_NO_HIGHERTAXON$Gn_ms_Avicennioma sp_ms_careeli$	Gn_ms_Avicennioma sp_ms_careeli
    6$_NO_HIGHERTAXON$Gn_ms_Belvoirsoma sp_ms_symondsae$	Gn_ms_Belvoirsoma sp_ms_symondsae
   12$_NO_HIGHERTAXON$Gn_ms_Bilbonotus sp$	Gn_ms_Bilbonotus sp
    2$_NO_HIGHERTAXON$Gn_ms_Bilbonotus sp_bbgr112msp045$	Gn_ms_Bilbonotus sp_bbgr112msp045
   12$_NO_HIGHERTAXON$Gn_ms_Callubri sp$	Gn_ms_Callubri sp
   26$_NO_HIGHERTAXON$Gn_ms_Callubri sp_uptoni$	Gn_ms_Callubri sp_uptoni
   27$_NO_HIGHERTAXON$Gn_ms_Carphodemas sp_wa0909msp193$	Gn_ms_Carphodemas sp_wa0909msp193
   42$_NO_HIGHERTAXON$Gn_ms_Casuarinocoris sp$	Gn_ms_Casuarinocoris sp
    2$_NO_HIGHERTAXON$Gn_ms_Casuarinocoris sp_niger$	Gn_ms_Casuarinocoris sp_niger
    1$_NO_HIGHERTAXON$Gn_ms_Creontiadesella sp_ms_darwiniae$	Gn_ms_Creontiadesella sp_ms_darwiniae
    3$_NO_HIGHERTAXON$Gn_ms_Creontiadesella sp_ms_melaleucae$	Gn_ms_Creontiadesella sp_ms_melaleucae
   43$_NO_HIGHERTAXON$Gn_ms_Creontiadesella sp_ms_occidentalis$	Gn_ms_Creontiadesella sp_ms_occidentalis
    3$_NO_HIGHERTAXON$Gn_ms_Dingomiris sp_bbgr12msp046$	Gn_ms_Dingomiris sp_bbgr12msp046
   16$_NO_HIGHERTAXON$Gn_ms_Dingomiris sp_n_sp_a$	Gn_ms_Dingomiris sp_n_sp_a
   17$_NO_HIGHERTAXON$Gn_ms_Dingomiris sp_n_sp_b$	Gn_ms_Dingomiris sp_n_sp_b
   10$_NO_HIGHERTAXON$Gn_ms_Dingomiris sp_n_sp_c$	Gn_ms_Dingomiris sp_n_sp_c
   42$_NO_HIGHERTAXON$Gn_ms_Dingomiris sp_n_sp_d$	Gn_ms_Dingomiris sp_n_sp_d
    2$_NO_HIGHERTAXON$Gn_ms_Dingomiris sp_n_sp_e$	Gn_ms_Dingomiris sp_n_sp_e
    1$_NO_HIGHERTAXON$Gn_ms_Dingomiris sp_n_sp_g$	Gn_ms_Dingomiris sp_n_sp_g
    1$_NO_HIGHERTAXON$Gn_ms_Dingomiris sp_n_sp_h$	Gn_ms_Dingomiris sp_n_sp_h
    1$_NO_HIGHERTAXON$Gn_ms_Dingomiris sp_n_sp_j$	Gn_ms_Dingomiris sp_n_sp_j
    6$_NO_HIGHERTAXON$Gn_ms_Dingomiris sp_n_sp_k$	Gn_ms_Dingomiris sp_n_sp_k
   11$_NO_HIGHERTAXON$Gn_ms_Euthemonala sp_wa0909msp241$	Gn_ms_Euthemonala sp_wa0909msp241
   58$_NO_HIGHERTAXON$Gn_ms_Flectotheca sp_wa0909msp100$	Gn_ms_Flectotheca sp_wa0909msp100
    9$_NO_HIGHERTAXON$Gn_ms_Galaxiamiris sp_anouk18.02$	Gn_ms_Galaxiamiris sp_anouk18.02
   44$_NO_HIGHERTAXON$Gn_ms_Galaxiamiris sp_wa0909msp047$	Gn_ms_Galaxiamiris sp_wa0909msp047
   26$_NO_HIGHERTAXON$Gn_ms_Granitohyoidea sp_anouk4.014$	Gn_ms_Granitohyoidea sp_anouk4.014
   73$_NO_HIGHERTAXON$Gn_ms_Granitohyoidea sp_wa0909msp119$	Gn_ms_Granitohyoidea sp_wa0909msp119
    2$_NO_HIGHERTAXON$Gn_ms_Granitohyoidea sp_wa0909msp121$	Gn_ms_Granitohyoidea sp_wa0909msp121
   36$_NO_HIGHERTAXON$Gn_ms_Kikkocoris sp_anouk20.013$	Gn_ms_Kikkocoris sp_anouk20.013
   38$_NO_HIGHERTAXON$Gn_ms_Kikkocoris sp_wa0909msp168$	Gn_ms_Kikkocoris sp_wa0909msp168
   35$_NO_HIGHERTAXON$Gn_ms_Kikkocoris sp_wa0909msp269$	Gn_ms_Kikkocoris sp_wa0909msp269
   30$_NO_HIGHERTAXON$Gn_ms_Koalamiris sp_ms_crassicornis$	Gn_ms_Koalamiris sp_ms_crassicornis
    3$_NO_HIGHERTAXON$Gn_ms_Ladasimiris sp_bbcre11msp034$	Gn_ms_Ladasimiris sp_bbcre11msp034
    9$_NO_HIGHERTAXON$Gn_ms_Ladasimiris sp_bbcre11msp100$	Gn_ms_Ladasimiris sp_bbcre11msp100
    9$_NO_HIGHERTAXON$Gn_ms_Ladasimiris sp_coexmiri012$	Gn_ms_Ladasimiris sp_coexmiri012
   12$_NO_HIGHERTAXON$Gn_ms_Ladasimiris sp_coexmiri013$	Gn_ms_Ladasimiris sp_coexmiri013
    9$_NO_HIGHERTAXON$Gn_ms_Ladasimiris sp_wa0909msp202$	Gn_ms_Ladasimiris sp_wa0909msp202
    6$_NO_HIGHERTAXON$Gn_ms_Ladasimiris sp_wa0909msp224/285$	Gn_ms_Ladasimiris sp_wa0909msp224/285
   26$_NO_HIGHERTAXON$Gn_ms_Ladasimiris sp_wa0909msp318$	Gn_ms_Ladasimiris sp_wa0909msp318
  115$_NO_HIGHERTAXON$Gn_ms_Naranjakotta sp_ms_bicolorata$	Gn_ms_Naranjakotta sp_ms_bicolorata
   49$_NO_HIGHERTAXON$Gn_ms_Naranjakotta sp_ms_chinnocki$	Gn_ms_Naranjakotta sp_ms_chinnocki
   58$_NO_HIGHERTAXON$Gn_ms_Naranjakotta sp_ms_cryptandraphila$	Gn_ms_Naranjakotta sp_ms_cryptandraphila
   87$_NO_HIGHERTAXON$Gn_ms_Naranjakotta sp_ms_dimorpha$	Gn_ms_Naranjakotta sp_ms_dimorpha
   28$_NO_HIGHERTAXON$Gn_ms_Naranjakotta sp_ms_graphica$	Gn_ms_Naranjakotta sp_ms_graphica
    9$_NO_HIGHERTAXON$Gn_ms_Naranjakotta sp_ms_hakeaphila$	Gn_ms_Naranjakotta sp_ms_hakeaphila
   18$_NO_HIGHERTAXON$Gn_ms_Naranjakotta sp_ms_hibbertiaphila$	Gn_ms_Naranjakotta sp_ms_hibbertiaphila
   45$_NO_HIGHERTAXON$Gn_ms_Naranjakotta sp_ms_hyalina$	Gn_ms_Naranjakotta sp_ms_hyalina
  119$_NO_HIGHERTAXON$Gn_ms_Naranjakotta sp_ms_keraudrenia$	Gn_ms_Naranjakotta sp_ms_keraudrenia
   11$_NO_HIGHERTAXON$Gn_ms_Naranjakotta sp_ms_lochada$	Gn_ms_Naranjakotta sp_ms_lochada
   29$_NO_HIGHERTAXON$Gn_ms_Naranjakotta sp_ms_macfarlanei$	Gn_ms_Naranjakotta sp_ms_macfarlanei
   20$_NO_HIGHERTAXON$Gn_ms_Naranjakotta sp_ms_minor$	Gn_ms_Naranjakotta sp_ms_minor
   59$_NO_HIGHERTAXON$Gn_ms_Naranjakotta sp_ms_myrtlephila$	Gn_ms_Naranjakotta sp_ms_myrtlephila
  145$_NO_HIGHERTAXON$Gn_ms_Naranjakotta sp_ms_rosa$	Gn_ms_Naranjakotta sp_ms_rosa
   58$_NO_HIGHERTAXON$Gn_ms_Naranjakotta sp_ms_sidnica$	Gn_ms_Naranjakotta sp_ms_sidnica
   52$_NO_HIGHERTAXON$Gn_ms_Naranjakotta sp_ms_splendida$	Gn_ms_Naranjakotta sp_ms_splendida
    2$_NO_HIGHERTAXON$Gn_ms_Naranjakotta sp_ms_unicolorata$	Gn_ms_Naranjakotta sp_ms_unicolorata
   48$_NO_HIGHERTAXON$Gn_ms_Naranjakotta sp_ms_wanarra$	Gn_ms_Naranjakotta sp_ms_wanarra
   13$_NO_HIGHERTAXON$Gn_ms_Neoepimixia sp_ms_albimons$	Gn_ms_Neoepimixia sp_ms_albimons
    4$_NO_HIGHERTAXON$Gn_ms_Neoepimixia sp_ms_pilbara$	Gn_ms_Neoepimixia sp_ms_pilbara
   13$_NO_HIGHERTAXON$Gn_ms_Ommatodemella sp_ms_telstra$	Gn_ms_Ommatodemella sp_ms_telstra
    7$_NO_HIGHERTAXON$Gn_ms_Opera sp_bbculgoamsp060$	Gn_ms_Opera sp_bbculgoamsp060
    2$_NO_HIGHERTAXON$Gn_ms_Passochloris sp_bbcre11msp039$	Gn_ms_Passochloris sp_bbcre11msp039
   23$_NO_HIGHERTAXON$Gn_ms_Passochloris sp_wa0909msp124$	Gn_ms_Passochloris sp_wa0909msp124
    1$_NO_HIGHERTAXON$Gn_ms_Passochloris sp_wa0909msp287$	Gn_ms_Passochloris sp_wa0909msp287
    5$_NO_HIGHERTAXON$Gn_ms_Passochloris sp_wa0909msp328$	Gn_ms_Passochloris sp_wa0909msp328
   16$_NO_HIGHERTAXON$Gn_ms_Prosidiacapsus sp_ms_pileathus$	Gn_ms_Prosidiacapsus sp_ms_pileathus
   25$_NO_HIGHERTAXON$Gn_ms_Rankiniella sp$	Gn_ms_Rankiniella sp
  111$_NO_HIGHERTAXON$Gn_ms_Rankiniella sp_001$	Gn_ms_Rankiniella sp_001
   20$_NO_HIGHERTAXON$Gn_ms_Rankiniella sp_002$	Gn_ms_Rankiniella sp_002
   79$_NO_HIGHERTAXON$Gn_ms_Rankiniella sp_003$	Gn_ms_Rankiniella sp_003
   42$_NO_HIGHERTAXON$Gn_ms_Rankiniella sp_004$	Gn_ms_Rankiniella sp_004
   36$_NO_HIGHERTAXON$Gn_ms_Rankiniella sp_005$	Gn_ms_Rankiniella sp_005
    5$_NO_HIGHERTAXON$Gn_ms_Rankiniella sp_006$	Gn_ms_Rankiniella sp_006
    1$_NO_HIGHERTAXON$Gn_ms_Rankiniella sp_bbculgoamsp062$	Gn_ms_Rankiniella sp_bbculgoamsp062
   36$_NO_HIGHERTAXON$Gn_ms_Scaevolathrix sp_wa0909msp056$	Gn_ms_Scaevolathrix sp_wa0909msp056
   51$_NO_HIGHERTAXON$Gn_ms_Sophocoris sp$	Gn_ms_Sophocoris sp
   40$_NO_HIGHERTAXON$Gn_ms_Tumidocoris sp$	Gn_ms_Tumidocoris sp
    3$_NO_HIGHERTAXON$Gn_ms_Tumidocoris sp_bbgr12msp038$	Gn_ms_Tumidocoris sp_bbgr12msp038
    6$_NO_HIGHERTAXON$Gn_ms_Xasmasoma sp_wa0909msp252$	Gn_ms_Xasmasoma sp_wa0909msp252
    2$_NO_HIGHERTAXON$Gn_ms_Xasmasoma sp_wa0909msp319$	Gn_ms_Xasmasoma sp_wa0909msp319
    1$_NO_HIGHERTAXON$Gn_ms_Xnoudimiris sp_ms_rubracephalus$	Gn_ms_Xnoudimiris sp_ms_rubracephalus
   47$_NO_HIGHERTAXON$Gn_n_gen sp_n_sp$	Gn_n_gen sp_n_sp
   15$_NO_HIGHERTAXON$Gn_nov sp_nov_40$	Gn_nov sp_nov_40
    4$_NO_HIGHERTAXON$Gn_nov sp_nov_41$	Gn_nov sp_nov_41
    2$_NO_HIGHERTAXON$Gn_nr_Accarana sp_n_sp$	Gn_nr_Accarana sp_n_sp
   10$_NO_HIGHERTAXON$Gn_nr_Austronysius sp$	Gn_nr_Austronysius sp
   10$_NO_HIGHERTAXON$Gn_nr_Crompus sp$	Gn_nr_Crompus sp
   23$_NO_HIGHERTAXON$Goodeniaphila cassisi$	Goodeniaphila sp_ms_cassisi
    5$_NO_HIGHERTAXON$Gralliclava australiensis$	Gralliclava sp_ms_australiensis
   57$_NO_HIGHERTAXON$Grandivesica cassisi$	Grandivesica sp_ms_cassisi
    8$_NO_HIGHERTAXON$Grandivesica pilbara$	Grandivesica sp_ms_pilbara
   95$_NO_HIGHERTAXON$Granitohyoidea calycopeplus$	Granitohyoidea sp_ms_calycopeplus
   72$_NO_HIGHERTAXON$Graptostethus servus$	Graptostethus sp_ms_servus
    3$_NO_HIGHERTAXON$Gyrophallus pantonii$	Gyrophallus sp_ms_pantonii
    1$_NO_HIGHERTAXON$Hallodapus sp_bbfr12_msp_113$	Hallodapus sp_bbfr12_msp_113
    1$_NO_HIGHERTAXON$Halophylus atriplicis$	Halophylus sp_ms_atriplicis
    4$_NO_HIGHERTAXON$Halophylus salsoli$	Halophylus sp_ms_salsoli
    1$_NO_HIGHERTAXON$Halophylus tecticornii$	Halophylus sp_ms_tecticornii
    1$_NO_HIGHERTAXON$Havinthus sp_bbfr12_msp_103$	Havinthus sp_bbfr12_msp_103
    1$_NO_HIGHERTAXON$Hebrus sp_bbfr12_msp_053$	Hebrus sp_bbfr12_msp_053
   59$_NO_HIGHERTAXON$Heinsius pallidus$	Heinsius sp_ms_pallidus
   11$_NO_HIGHERTAXON$Heinsius sp$	Heinsius sp
    3$_NO_HIGHERTAXON$Heinsius sp_bbfr12_msp_096$	Heinsius sp_bbfr12_msp_096
    5$_NO_HIGHERTAXON$Henicocoris monteithi$	Henicocoris sp_ms_monteithi
    6$_NO_HIGHERTAXON$Hiarchas angularis$	Hiarchas sp_ms_angularis
    5$_NO_HIGHERTAXON$Hiarchas bifasciculatus$	Hiarchas sp_ms_bifasciculatus
    5$_NO_HIGHERTAXON$Hiarchas crassicornis$	Hiarchas sp_ms_crassicornis
    5$_NO_HIGHERTAXON$Hiarchas sp.$	Hiarchas sp.
    8$_NO_HIGHERTAXON$Hiarchas terminalis$	Hiarchas sp_ms_terminalis
    2$_NO_HIGHERTAXON$Hillieria sp_n_sp_1$	Hillieria sp_n_sp_1
    5$_NO_HIGHERTAXON$Howefulvius sp.$	Howefulvius sp.
    2$_NO_HIGHERTAXON$Hyalopeplus loriae$	Hyalopeplus sp_ms_loriae
   16$_NO_HIGHERTAXON$Hydrometra sp_bbfr12_msp_030$	Hydrometra sp_bbfr12_msp_030
   20$_NO_HIGHERTAXON$Inoma arrernte$	Inoma sp_ms_arrernte
    2$_NO_HIGHERTAXON$Inoma breviseta$	Inoma sp_ms_breviseta
   28$_NO_HIGHERTAXON$Inoma fuscata$	Inoma sp_ms_fuscata
   43$_NO_HIGHERTAXON$Inoma kalbarri$	Inoma sp_ms_kalbarri
    2$_NO_HIGHERTAXON$Inoma multispinosa$	Inoma sp_ms_multispinosa
   19$_NO_HIGHERTAXON$Inoma silveirae$	Inoma sp_ms_silveirae
    3$_NO_HIGHERTAXON$Inoma sp_02$	Inoma sp_02
    5$_NO_HIGHERTAXON$Inoma sp_04$	Inoma sp_04
   13$_NO_HIGHERTAXON$Inoma sp_bbhen13_msp_025$	Inoma sp_bbhen13_msp_025
  142$_NO_HIGHERTAXON$Inoma sp_n_sp_b_nr_kalbarri$	Inoma sp_n_sp_b_nr_kalbarri
    2$_NO_HIGHERTAXON$Inoma sp_n_sp_ex_eremophila_maitlandii$	Inoma sp_n_sp_ex_eremophila_maitlandii
    3$_NO_HIGHERTAXON$Inoma sp_n_sp_ex_pityrodia_paniculata$	Inoma sp_n_sp_ex_pityrodia_paniculata
  144$_NO_HIGHERTAXON$Inoma sp_n_sp_nr_stysi$	Inoma sp_n_sp_nr_stysi
    8$_NO_HIGHERTAXON$Inoma sp_n_sp_nt$	Inoma sp_n_sp_nt
    6$_NO_HIGHERTAXON$Inoma stysi$	Inoma sp_ms_stysi
    6$_NO_HIGHERTAXON$Inonemia sp_ms_exmouth$	Inonemia sp_ms_exmouth
    2$_NO_HIGHERTAXON$Iphicrates lineatus$	Iphicrates sp_ms_lineatus
    7$_NO_HIGHERTAXON$Iphicrates sp$	Iphicrates sp
    1$_NO_HIGHERTAXON$Iphicrates sp_bbfr12_msp_049$	Iphicrates sp_bbfr12_msp_049
    1$_NO_HIGHERTAXON$Iphicrates spathus$	Iphicrates sp_ms_spathus
    1$_NO_HIGHERTAXON$Ippatha sp$	Ippatha sp
   77$_NO_HIGHERTAXON$Ischnodemus sp.$	Ischnodemus sp.
    1$_NO_HIGHERTAXON$Ischnotingis sp$	Ischnotingis sp
    2$_NO_HIGHERTAXON$Isometopus sp.$	Isometopus sp.
    3$_NO_HIGHERTAXON$Ittolemma credo$	Ittolemma sp_ms_credo
    4$_NO_HIGHERTAXON$Ittolemma micula$	Ittolemma sp_ms_micula
   19$_NO_HIGHERTAXON$Ittolemma teretis$	Ittolemma sp_ms_teretis
    1$_NO_HIGHERTAXON$Jiwarli sp_bbfr12_msp_129$	Jiwarli sp_bbfr12_msp_129
   16$_NO_HIGHERTAXON$Jozefus sp.$	Jozefus sp.
    5$_NO_HIGHERTAXON$Jozefus sp_ms_brunetus$	Jozefus sp_ms_brunetus
    6$_NO_HIGHERTAXON$Jozefus sp_ms_monteithi$	Jozefus sp_ms_monteithi
    2$_NO_HIGHERTAXON$Kalkadoona confinis$	Kalkadoona sp_ms_confinis
    6$_NO_HIGHERTAXON$Kalkadoona sp$	Kalkadoona sp
   11$_NO_HIGHERTAXON$Kapunda troughtoni$	Kapunda sp_ms_troughtoni
    5$_NO_HIGHERTAXON$Kirkaldyella pilosa$	Kirkaldyella sp_ms_pilosa
    3$_NO_HIGHERTAXON$Kirkaldyella sp_39$	Kirkaldyella sp_39
    1$_NO_HIGHERTAXON$Kirkaldyella sp_a$	Kirkaldyella sp_a
    1$_NO_HIGHERTAXON$Kirkaldyella sp_bbculgoamsp054$	Kirkaldyella sp_bbculgoamsp054
    2$_NO_HIGHERTAXON$Kirkaldyella sp_bbgr12msp037$	Kirkaldyella sp_bbgr12msp037
   23$_NO_HIGHERTAXON$Kirkaldyella sp_bbnabb13msp012$	Kirkaldyella sp_bbnabb13msp012
  721$_NO_HIGHERTAXON$Kirkaldyella sp_ms_carenotus_a$	Kirkaldyella sp_ms_carenotus_a
   54$_NO_HIGHERTAXON$Kirkaldyella sp_ms_carenotus_b$	Kirkaldyella sp_ms_carenotus_b
   51$_NO_HIGHERTAXON$Kirkaldyella sp_ms_carenotus_c$	Kirkaldyella sp_ms_carenotus_c
   10$_NO_HIGHERTAXON$Kirkaldyella sp_ms_carenotus_d$	Kirkaldyella sp_ms_carenotus_d
    6$_NO_HIGHERTAXON$Kirkaldyella sp_ms_carenotus_e$	Kirkaldyella sp_ms_carenotus_e
    4$_NO_HIGHERTAXON$Kirkaldyella sp_n_sp$	Kirkaldyella sp_n_sp
    1$_NO_HIGHERTAXON$Kundakimuka sp_bbfr12_msp_094$	Kundakimuka sp_bbfr12_msp_094
    7$_NO_HIGHERTAXON$Lampromicra senator$	Lampromicra sp_ms_senator
    7$_NO_HIGHERTAXON$Laryngodus cervantes$	Laryngodus sp_ms_cervantes
    1$_NO_HIGHERTAXON$Lasiacantha aureolus$	Lasiacantha sp_ms_aureolus
   14$_NO_HIGHERTAXON$Lasiacantha darwini$	Lasiacantha sp_ms_darwini
    1$_NO_HIGHERTAXON$Lasiacantha ephemera$	Lasiacantha sp_ms_ephemera
    1$_NO_HIGHERTAXON$Lasiacantha eremophila$	Lasiacantha sp_ms_eremophila
    1$_NO_HIGHERTAXON$Lasiacantha inaquosa$	Lasiacantha sp_ms_inaquosa
    3$_NO_HIGHERTAXON$Lattinova jacki$	Lattinova sp_ms_jacki
  106$_NO_HIGHERTAXON$Lattinova sp.$	Lattinova sp.
    2$_NO_HIGHERTAXON$Leptocoris mitellatus$	Leptocoris sp_ms_mitellatus
    4$_NO_HIGHERTAXON$Leptocoris rufomarginata$	Leptocoris sp_ms_rufomarginata
   12$_NO_HIGHERTAXON$Leptocoris sp$	Leptocoris sp
    1$_NO_HIGHERTAXON$Leptocoris sp_bbned11msp012$	Leptocoris sp_bbned11msp012
   70$_NO_HIGHERTAXON$Leptocoris tagalicus$	Leptocoris sp_ms_tagalicus
    2$_NO_HIGHERTAXON$Leptocorisa sp_bbfr12_msp_157$	Leptocorisa sp_bbfr12_msp_157
    1$_NO_HIGHERTAXON$Leptoypha anceps$	Leptoypha sp_ms_anceps
    5$_NO_HIGHERTAXON$Lestonia haustorifera$	Lestonia sp_ms_haustorifera
    2$_NO_HIGHERTAXON$Leucophoroptera quadrimaculata$	Leucophoroptera sp_ms_quadrimaculata
    5$_NO_HIGHERTAXON$Limnogonus sp_bbfr12_msp_095$	Limnogonus sp_bbfr12_msp_095
    1$_NO_HIGHERTAXON$Lincolnia sp_34$	Lincolnia sp_34
   74$_NO_HIGHERTAXON$Lincolnia sp_n_sp_c$	Lincolnia sp_n_sp_c
    6$_NO_HIGHERTAXON$Lincolnia sp_n_sp_d$	Lincolnia sp_n_sp_d
   24$_NO_HIGHERTAXON$Liorhyssus hyalinus$	Liorhyssus sp_ms_hyalinus
   23$_NO_HIGHERTAXON$Lygaeoscytus sp.$	Lygaeoscytus sp.
   27$_NO_HIGHERTAXON$Macrocarenoides scutellatus$	Macrocarenoides sp_ms_scutellatus
   10$_NO_HIGHERTAXON$Malandiola minys$	Malandiola sp_ms_minys
  127$_NO_HIGHERTAXON$Malandiola semota$	Malandiola sp_ms_semota
   46$_NO_HIGHERTAXON$Malandiola similis$	Malandiola sp_ms_similis
    1$_NO_HIGHERTAXON$Malandiola sp$	Malandiola sp
   27$_NO_HIGHERTAXON$Malandiola sp_03$	Malandiola sp_03
    1$_NO_HIGHERTAXON$Malandiola sp_04a$	Malandiola sp_04a
   59$_NO_HIGHERTAXON$Malandiola sp_04aa$	Malandiola sp_04aa
    1$_NO_HIGHERTAXON$Malandiola sp_04bb$	Malandiola sp_04bb
    6$_NO_HIGHERTAXON$Malandiola sp_04bbb$	Malandiola sp_04bbb
  380$_NO_HIGHERTAXON$Malandiola sp_04c$	Malandiola sp_04c
    1$_NO_HIGHERTAXON$Malandiola sp_ms_carnarvon$	Malandiola sp_ms_carnarvon
  145$_NO_HIGHERTAXON$Malandiola sp_ms_coomallo$	Malandiola sp_ms_coomallo
    6$_NO_HIGHERTAXON$Malandiola syscena$	Malandiola sp_ms_syscena
    1$_NO_HIGHERTAXON$Mcateella coolgardie$	Mcateella sp_ms_coolgardie
   36$_NO_HIGHERTAXON$Mcateella elongata$	Mcateella sp_ms_elongata
    7$_NO_HIGHERTAXON$Mcateella kwoki$	Mcateella sp_ms_kwoki
    2$_NO_HIGHERTAXON$Mcateella sp$	Mcateella sp
   14$_NO_HIGHERTAXON$Mcateella sp_bbcre11msp119$	Mcateella sp_bbcre11msp119
    2$_NO_HIGHERTAXON$Mcateella sp_ms_tasmania$	Mcateella sp_ms_tasmania
    2$_NO_HIGHERTAXON$Mcateella sp_n_sp_1$	Mcateella sp_n_sp_1
    1$_NO_HIGHERTAXON$Megadrymus aurorae$	Megadrymus sp_ms_aurorae
    9$_NO_HIGHERTAXON$Melanacanthus scutellaris$	Melanacanthus sp_ms_scutellaris
    7$_NO_HIGHERTAXON$Melanacanthus sp$	Melanacanthus sp
   10$_NO_HIGHERTAXON$Melanerythrus biguttatus$	Melanerythrus sp_ms_biguttatus
   10$_NO_HIGHERTAXON$Melanerythrus sp$	Melanerythrus sp
    5$_NO_HIGHERTAXON$Melanerythrus sp_n$	Melanerythrus sp_n
    1$_NO_HIGHERTAXON$Melanotelus rubiginosus$	Melanotelus sp_ms_rubiginosus
    1$_NO_HIGHERTAXON$Metopocoris byrneae$	Metopocoris sp_ms_byrneae
    2$_NO_HIGHERTAXON$Metopocoris deserti$	Metopocoris sp_ms_deserti
    1$_NO_HIGHERTAXON$Metopocoris nocturnis$	Metopocoris sp_ms_nocturnis
   53$_NO_HIGHERTAXON$Micromimetus newcaledoniaensis$	Micromimetus sp_ms_newcaledoniaensis
   39$_NO_HIGHERTAXON$Micronecta sp_bbfr12_msp_085$	Micronecta sp_bbfr12_msp_085
    9$_NO_HIGHERTAXON$Micronecta sp_bbfr12_msp_086$	Micronecta sp_bbfr12_msp_086
    2$_NO_HIGHERTAXON$Micronecta sp_bbfr12_msp_159$	Micronecta sp_bbfr12_msp_159
    1$_NO_HIGHERTAXON$Micronecta sp_bbfr12_msp_160$	Micronecta sp_bbfr12_msp_160
    2$_NO_HIGHERTAXON$Micronecta sp_bbfr12_msp_161$	Micronecta sp_bbfr12_msp_161
    3$_NO_HIGHERTAXON$Micronecta sp_bbfr12_msp_162$	Micronecta sp_bbfr12_msp_162
    1$_NO_HIGHERTAXON$Microvelia sp_bbfr12_msp_089$	Microvelia sp_bbfr12_msp_089
    1$_NO_HIGHERTAXON$Microvelia sp_bbfr12_msp_090$	Microvelia sp_bbfr12_msp_090
   15$_NO_HIGHERTAXON$Mictis profana$	Mictis sp_ms_profana
    1$_NO_HIGHERTAXON$Mochus fortis$	Mochus sp_ms_fortis
    6$_NO_HIGHERTAXON$Monteithiella humeralis$	Monteithiella sp_ms_humeralis
   39$_NO_HIGHERTAXON$Morobea sp_bbchtmsp009$	Morobea sp_bbchtmsp009
    1$_NO_HIGHERTAXON$Morobea sp_bbfr12_msp109$	Morobea sp_bbfr12_msp109
   29$_NO_HIGHERTAXON$Mutusca brevicornis$	Mutusca sp_ms_brevicornis
    7$_NO_HIGHERTAXON$Mutusca sp_bbfr12_msp_062$	Mutusca sp_bbfr12_msp_062
  104$_NO_HIGHERTAXON$Mycetocylapus sp.$	Mycetocylapus sp.
    1$_NO_HIGHERTAXON$Mycoolona atricornis$	Mycoolona sp_ms_atricornis
   30$_NO_HIGHERTAXON$Myiomma sp.$	Myiomma sp.
    9$_NO_HIGHERTAXON$Myiomma sp_ms_albalata$	Myiomma sp_ms_albalata
   11$_NO_HIGHERTAXON$Myiomma sp_ms_basseti$	Myiomma sp_ms_basseti
    3$_NO_HIGHERTAXON$Myrmecoridea sp$	Myrmecoridea sp
    2$_NO_HIGHERTAXON$Myrmecoroides grossi$	Myrmecoroides sp_ms_grossi
    1$_NO_HIGHERTAXON$Myrmecoroides sp$	Myrmecoroides sp
    5$_NO_HIGHERTAXON$Myrmecoroides sp_ms_rufescens$	Myrmecoroides sp_ms_rufescens
   86$_NO_HIGHERTAXON$Myrtlemiris astartephila$	Myrtlemiris sp_ms_astartephila
   83$_NO_HIGHERTAXON$Myrtlemiris meanarra$	Myrtlemiris sp_ms_meanarra
   76$_NO_HIGHERTAXON$Myrtlemiris rubrocuneatus$	Myrtlemiris sp_ms_rubrocuneatus
    5$_NO_HIGHERTAXON$Myrtlemiris silveirae$	Myrtlemiris sp_ms_silveirae
    4$_NO_HIGHERTAXON$Myrtlemiris sp_bbcre11_msp036$	Myrtlemiris sp_bbcre11_msp036
   21$_NO_HIGHERTAXON$Myrtlemiris sp_bbcre11_msp069$	Myrtlemiris sp_bbcre11_msp069
   19$_NO_HIGHERTAXON$Myrtlemiris sp_bbcre11_msp070$	Myrtlemiris sp_bbcre11_msp070
   21$_NO_HIGHERTAXON$Myrtlemiris tesselatus$	Myrtlemiris sp_ms_tesselatus
  113$_NO_HIGHERTAXON$Myrtlemiris yalgoo$	Myrtlemiris sp_ms_yalgoo
    1$_NO_HIGHERTAXON$Nabis &#40;Nabis&#41; sp_bbcre11msp112$	Nabis sp_Nabis_sp_bbcre11msp112
    8$_NO_HIGHERTAXON$Nabis &#40;Nabis&#41; sp_bbned11msp023$	Nabis sp_Nabis_sp_bbned11msp023
    1$_NO_HIGHERTAXON$Nabis &#40;Tropiconabis&#41; kinbergii$	Nabis sp_Tropiconabis_kinbergii
   53$_NO_HIGHERTAXON$Nabis kinbergii$	Nabis sp_ms_kinbergii
    1$_NO_HIGHERTAXON$Nabis sp.$	Nabis sp.
    3$_NO_HIGHERTAXON$Nala lividipes$	Nala sp_ms_lividipes
    2$_NO_HIGHERTAXON$Neolethaeus sp_bbfr12_msp_057$	Neolethaeus sp_bbfr12_msp_057
    1$_NO_HIGHERTAXON$Neopeplus trianai$	Neopeplus sp_ms_trianai
   28$_NO_HIGHERTAXON$Nerthra sp_1$	Nerthra sp_1
    1$_NO_HIGHERTAXON$Nerthra walkeri$	Nerthra sp_ms_walkeri
   27$_NO_HIGHERTAXON$Nesidiocoris tenuis$	Nesidiocoris sp_ms_tenuis
   23$_NO_HIGHERTAXON$Nethersia pilbara$	Nethersia sp_ms_pilbara
    2$_NO_HIGHERTAXON$Nethersia setosa$	Nethersia sp_ms_setosa
    1$_NO_HIGHERTAXON$Nethersia sp_bbcre11msp009$	Nethersia sp_bbcre11msp009
    4$_NO_HIGHERTAXON$Nethersia sp_ms_bb_nr_tatarnci$	Nethersia sp_ms_bb_nr_tatarnci
   50$_NO_HIGHERTAXON$Nethersia sp_ms_chazeaui$	Nethersia sp_ms_chazeaui
    2$_NO_HIGHERTAXON$Nethersia sp_ms_costata$	Nethersia sp_ms_costata
    3$_NO_HIGHERTAXON$Nezara viridula$	Nezara sp_ms_viridula
    2$_NO_HIGHERTAXON$Ninus insignis$	Ninus sp_ms_insignis
   10$_NO_HIGHERTAXON$Novatilla virgata$	Novatilla sp_ms_virgata
    2$_NO_HIGHERTAXON$Numilia subquadrata$	Numilia sp_ms_subquadrata
   12$_NO_HIGHERTAXON$Nysius caledoniae$	Nysius sp_ms_caledoniae
    1$_NO_HIGHERTAXON$Nysius sp$	Nysius sp
    3$_NO_HIGHERTAXON$Nysius sp_bbfr12_msp_069$	Nysius sp_bbfr12_msp_069
  426$_NO_HIGHERTAXON$Nysius vinitor$	Nysius sp_ms_vinitor
    2$_NO_HIGHERTAXON$Ocirrhoe australis$	Ocirrhoe sp_ms_australis
    5$_NO_HIGHERTAXON$Ocirrhoe lutescens$	Ocirrhoe sp_ms_lutescens
    3$_NO_HIGHERTAXON$Ocirrhoe prasinata$	Ocirrhoe sp_ms_prasinata
   28$_NO_HIGHERTAXON$Ocirrhoe unimaculata$	Ocirrhoe sp_ms_unimaculata
   23$_NO_HIGHERTAXON$Ocirrhoe wilsoni$	Ocirrhoe sp_ms_wilsoni
   11$_NO_HIGHERTAXON$Oechalia schellenbergii$	Oechalia sp_ms_schellenbergii
    3$_NO_HIGHERTAXON$Oecophyllodes bipunctatus$	Oecophyllodes sp_ms_bipunctatus
  133$_NO_HIGHERTAXON$Ommatodema sp_n_a$	Ommatodema sp_n_a
   14$_NO_HIGHERTAXON$Ommatodema sp_n_b$	Ommatodema sp_n_b
  185$_NO_HIGHERTAXON$Ommatodema sp_n_c$	Ommatodema sp_n_c
  173$_NO_HIGHERTAXON$Ommatodema sp_n_cc$	Ommatodema sp_n_cc
    6$_NO_HIGHERTAXON$Ommatodema sp_n_e$	Ommatodema sp_n_e
    9$_NO_HIGHERTAXON$Omyta centrolineata$	Omyta sp_ms_centrolineata
    1$_NO_HIGHERTAXON$Oncocephalus sp_bbfr12_msp_098$	Oncocephalus sp_bbfr12_msp_098
    1$_NO_HIGHERTAXON$Oncocephalus sp_bbfr12_msp_099$	Oncocephalus sp_bbfr12_msp_099
    1$_NO_HIGHERTAXON$Oncocephalus sp_bbfr12_msp_100$	Oncocephalus sp_bbfr12_msp_100
    2$_NO_HIGHERTAXON$Oncocephalus sp_bbned11msp014$	Oncocephalus sp_bbned11msp014
   47$_NO_HIGHERTAXON$Oncocoris griseus$	Oncocoris sp_ms_griseus
   21$_NO_HIGHERTAXON$Oncocoris sp.$	Oncocoris sp.
    5$_NO_HIGHERTAXON$Oncocoris sp_2$	Oncocoris sp_2
   52$_NO_HIGHERTAXON$Oncocoris sp_bbfr12_msp_005$	Oncocoris sp_bbfr12_msp_005
   12$_NO_HIGHERTAXON$Oncocoris sp_bbfr12_msp_006$	Oncocoris sp_bbfr12_msp_006
    1$_NO_HIGHERTAXON$Oncocoris typicus$	Oncocoris sp_ms_typicus
   22$_NO_HIGHERTAXON$Oncopeltus quadriguttatus$	Oncopeltus sp_ms_quadriguttatus
   15$_NO_HIGHERTAXON$Oncophysa sp_bbcre11msp003$	Oncophysa sp_bbcre11msp003
    3$_NO_HIGHERTAXON$Ontiscus brevis$	Ontiscus sp_ms_brevis
   92$_NO_HIGHERTAXON$Ontiscus obscurus$	Ontiscus sp_ms_obscurus
    4$_NO_HIGHERTAXON$Ontiscus sp.$	Ontiscus sp.
    1$_NO_HIGHERTAXON$Ontiscus sp_25$	Ontiscus sp_25
    4$_NO_HIGHERTAXON$Ontiscus sp_bbcre11msp113$	Ontiscus sp_bbcre11msp113
   27$_NO_HIGHERTAXON$Onymocoris stysi$	Onymocoris sp_ms_stysi
    4$_NO_HIGHERTAXON$Ooldeon sp_1$	Ooldeon sp_1
    4$_NO_HIGHERTAXON$Ooldeon sp_n_sp_1$	Ooldeon sp_n_sp_1
    2$_NO_HIGHERTAXON$Opistoplatys fuscus$	Opistoplatys sp_ms_fuscus
    2$_NO_HIGHERTAXON$Opistostenus burmanus$	Opistostenus sp_ms_burmanus
   18$_NO_HIGHERTAXON$Opistostenus vulturnus$	Opistostenus sp_ms_vulturnus
    2$_NO_HIGHERTAXON$Orius sp.$	Orius sp.
    2$_NO_HIGHERTAXON$Orius sp_bbfr12_msp_068$	Orius sp_bbfr12_msp_068
    3$_NO_HIGHERTAXON$Orius sp_bbned11msp022$	Orius sp_bbned11msp022
   10$_NO_HIGHERTAXON$Orthotylus sp.$	Orthotylus sp.
   97$_NO_HIGHERTAXON$Orthotylus sp_bbcht14msp010$	Orthotylus sp_bbcht14msp010
   66$_NO_HIGHERTAXON$Orthotylus sp_bbcht14msp014$	Orthotylus sp_bbcht14msp014
    1$_NO_HIGHERTAXON$Orthotylus sp_ms_antennarubrus$	Orthotylus sp_ms_antennarubrus
    1$_NO_HIGHERTAXON$Orthotylus sp_ms_avoni$	Orthotylus sp_ms_avoni
    7$_NO_HIGHERTAXON$Orthotylus sp_n_sp_celia$	Orthotylus sp_n_sp_celia
   45$_NO_HIGHERTAXON$Oxycarenus arctatus$	Oxycarenus sp_ms_arctatus
  488$_NO_HIGHERTAXON$Oxycarenus luctuosus$	Oxycarenus sp_ms_luctuosus
   10$_NO_HIGHERTAXON$Oxycarenus sp$	Oxycarenus sp
   54$_NO_HIGHERTAXON$Oxycarenus sp_ms_orbus$	Oxycarenus sp_ms_orbus
   12$_NO_HIGHERTAXON$Oxycarenus sp_ms_slateri$	Oxycarenus sp_ms_slateri
   50$_NO_HIGHERTAXON$Oxycarenus westraliensis$	Oxycarenus sp_ms_westraliensis
  127$_NO_HIGHERTAXON$Pachygrontha austrina$	Pachygrontha sp_ms_austrina
   27$_NO_HIGHERTAXON$Pachygrontha robusta$	Pachygrontha sp_ms_robusta
   89$_NO_HIGHERTAXON$Pachygrontha sp$	Pachygrontha sp
   72$_NO_HIGHERTAXON$Pachygrontha sp_n_sp_1$	Pachygrontha sp_n_sp_1
   11$_NO_HIGHERTAXON$Pachygrontha sp_n_sp_2$	Pachygrontha sp_n_sp_2
   20$_NO_HIGHERTAXON$Pachygrontha walkeri$	Pachygrontha sp_ms_walkeri
   41$_NO_HIGHERTAXON$Panaetius lobulatus$	Panaetius sp_ms_lobulatus
   16$_NO_HIGHERTAXON$Panaetius sp_ms_eliasi$	Panaetius sp_ms_eliasi
   10$_NO_HIGHERTAXON$Panaetius sp_ms_laevicornis$	Panaetius sp_ms_laevicornis
   20$_NO_HIGHERTAXON$Panaetius trabifer$	Panaetius sp_ms_trabifer
   13$_NO_HIGHERTAXON$Paracopium albofasciatum$	Paracopium sp_ms_albofasciatum
   23$_NO_HIGHERTAXON$Paracopium australicum$	Paracopium sp_ms_australicum
    3$_NO_HIGHERTAXON$Paracopium furvum$	Paracopium sp_ms_furvum
   22$_NO_HIGHERTAXON$Paracopium summervillei$	Paracopium sp_ms_summervillei
   40$_NO_HIGHERTAXON$Paracylapus sp.$	Paracylapus sp.
    2$_NO_HIGHERTAXON$Parada approba$	Parada sp_ms_approba
    1$_NO_HIGHERTAXON$Parada darlingtoni$	Parada sp_ms_darlingtoni
    5$_NO_HIGHERTAXON$Parada sp_01_nr_taeniophora$	Parada sp_01_nr_taeniophora
    1$_NO_HIGHERTAXON$Parada torta ssp. torta$	Parada sp_torta_ssp_torta
   22$_NO_HIGHERTAXON$Paraeucosmetus sp_bbfr12_msp_054$	Paraeucosmetus sp_bbfr12_msp_054
    1$_NO_HIGHERTAXON$Paraeucosmetus sp_bbned11msp024$	Paraeucosmetus sp_bbned11msp024
    6$_NO_HIGHERTAXON$Paramenestheus nercivus$	Paramenestheus sp_ms_nercivus
    1$_NO_HIGHERTAXON$Paramenestheus sp_bbfr12_msp_016$	Paramenestheus sp_bbfr12_msp_016
    1$_NO_HIGHERTAXON$Paramyocara sp_bbfr12_msp_074$	Paramyocara sp_bbfr12_msp_074
    1$_NO_HIGHERTAXON$Paranisops sp_bbfr12_msp_088$	Paranisops sp_bbfr12_msp_088
   60$_NO_HIGHERTAXON$Parathyginus kurandae$	Parathyginus sp_ms_kurandae
   22$_NO_HIGHERTAXON$Paratopus sp.$	Paratopus sp.
    5$_NO_HIGHERTAXON$Paratopus sp_ms_brunocapitus$	Paratopus sp_ms_brunocapitus
    6$_NO_HIGHERTAXON$Paratopus sp_ms_flavocapitus$	Paratopus sp_ms_flavocapitus
    2$_NO_HIGHERTAXON$Parocirrhoe sp_bbfr12_msp_017$	Parocirrhoe sp_bbfr12_msp_017
   16$_NO_HIGHERTAXON$Paromius sp_bbfr12_msp_043$	Paromius sp_bbfr12_msp_043
    3$_NO_HIGHERTAXON$Peirates sp_bbfr12_msp_104$	Peirates sp_bbfr12_msp_104
    3$_NO_HIGHERTAXON$Peirates sp_bbned11msp010$	Peirates sp_bbned11msp010
    9$_NO_HIGHERTAXON$Peritropis roebucki$	Peritropis sp_ms_roebucki
  125$_NO_HIGHERTAXON$Peritropis sp.$	Peritropis sp.
  236$_NO_HIGHERTAXON$Peritropisca bituberculata$	Peritropisca sp_ms_bituberculata
   16$_NO_HIGHERTAXON$Phaenacantha australiae$	Phaenacantha sp_ms_australiae
    1$_NO_HIGHERTAXON$Phorticus begninus$	Phorticus sp_ms_begninus
   10$_NO_HIGHERTAXON$Phorticus grayi$	Phorticus sp_ms_grayi
    7$_NO_HIGHERTAXON$Phorticus sp_bbned11msp032$	Phorticus sp_bbned11msp032
   12$_NO_HIGHERTAXON$Phorticus sp_monteithi$	Phorticus sp_monteithi
    5$_NO_HIGHERTAXON$Phorticus sp_pinguis$	Phorticus sp_pinguis
   19$_NO_HIGHERTAXON$Phyllofulvius sp.$	Phyllofulvius sp.
    1$_NO_HIGHERTAXON$Phyllofulvius sp_nov_38$	Phyllofulvius sp_nov_38
   14$_NO_HIGHERTAXON$Physatocheila objicis$	Physatocheila sp_ms_objicis
    4$_NO_HIGHERTAXON$Physatocheila uniseriata$	Physatocheila sp_ms_uniseriata
   18$_NO_HIGHERTAXON$Piezodorus oceanicus$	Piezodorus sp_ms_oceanicus
    3$_NO_HIGHERTAXON$Piezodorus sp_ms_hybneri$	Piezodorus sp_ms_hybneri
   23$_NO_HIGHERTAXON$Pirricoris annectans$	Pirricoris sp_ms_annectans
    4$_NO_HIGHERTAXON$Pirricoris sp_1$	Pirricoris sp_1
    4$_NO_HIGHERTAXON$Platycoris minimus$	Platycoris sp_ms_minimus
    3$_NO_HIGHERTAXON$Plautia affinis$	Plautia sp_ms_affinis
   20$_NO_HIGHERTAXON$Plautia sp_1$	Plautia sp_1
    3$_NO_HIGHERTAXON$Plinthisus sp$	Plinthisus sp
    7$_NO_HIGHERTAXON$Pneustocerus pluto$	Pneustocerus sp_ms_pluto
    3$_NO_HIGHERTAXON$Poecilometis acanthopygius$	Poecilometis sp_ms_acanthopygius
    4$_NO_HIGHERTAXON$Poecilometis alienus$	Poecilometis sp_ms_alienus
    2$_NO_HIGHERTAXON$Poecilometis fuscescens$	Poecilometis sp_ms_fuscescens
    1$_NO_HIGHERTAXON$Poecilometis horni$	Poecilometis sp_ms_horni
    1$_NO_HIGHERTAXON$Poecilometis sp_nsp$	Poecilometis sp_nsp
   15$_NO_HIGHERTAXON$Poecilotoma grandicornis$	Poecilotoma sp_ms_grandicornis
    4$_NO_HIGHERTAXON$Poecilotoma sp_1$	Poecilotoma sp_1
    7$_NO_HIGHERTAXON$Polytoxus sp_bbfr12_msp_106$	Polytoxus sp_bbfr12_msp_106
    1$_NO_HIGHERTAXON$Popoviana sp.$	Popoviana sp.
   30$_NO_HIGHERTAXON$Psallops sp.$	Psallops sp.
    1$_NO_HIGHERTAXON$Psallops sp_bbfr12_msp_110$	Psallops sp_bbfr12_msp_110
    2$_NO_HIGHERTAXON$Pseudapines geminata$	Pseudapines sp_ms_geminata
    6$_NO_HIGHERTAXON$Pseudoloxops sp_bbqld10msp096$	Pseudoloxops sp_bbqld10msp096
   89$_NO_HIGHERTAXON$Pseudopantilius australis$	Pseudopantilius sp_ms_australis
    2$_NO_HIGHERTAXON$Ptilocnemus femoralis$	Ptilocnemus sp_ms_femoralis
    1$_NO_HIGHERTAXON$Ptilocnemus sp_bbfr12_msp_107$	Ptilocnemus sp_bbfr12_msp_107
   22$_NO_HIGHERTAXON$Radinacantha darwini$	Radinacantha sp_ms_darwini
    9$_NO_HIGHERTAXON$Radinacantha sp$	Radinacantha sp
    1$_NO_HIGHERTAXON$Rayieria albaornata$	Rayieria sp_ms_albaornata
    3$_NO_HIGHERTAXON$Remaudiereana nigriceps$	Remaudiereana sp_ms_nigriceps
    9$_NO_HIGHERTAXON$Remaudiereana sp$	Remaudiereana sp
    2$_NO_HIGHERTAXON$Remaudiereana sp_bbcre11msp121$	Remaudiereana sp_bbcre11msp121
    4$_NO_HIGHERTAXON$Remaudiereana sp_bbfr12_msp_056$	Remaudiereana sp_bbfr12_msp_056
    1$_NO_HIGHERTAXON$Reticulatonysius sp_n$	Reticulatonysius sp_n
    7$_NO_HIGHERTAXON$Rhamphocoris linnavuorii$	Rhamphocoris sp_ms_linnavuorii
    3$_NO_HIGHERTAXON$Rhamphocoris monteithi$	Rhamphocoris sp_ms_monteithi
    1$_NO_HIGHERTAXON$Rhamphocoris sejunctus$	Rhamphocoris sp_ms_sejunctus
    1$_NO_HIGHERTAXON$Rhamphocoris sp.$	Rhamphocoris sp.
    7$_NO_HIGHERTAXON$Rhinomirella sp.$	Rhinomirella sp.
   16$_NO_HIGHERTAXON$Rhinomirella tuberculata$	Rhinomirella sp_ms_tuberculata
    3$_NO_HIGHERTAXON$Riptortus linearis$	Riptortus sp_ms_linearis
    2$_NO_HIGHERTAXON$Riptortus sp_bbfr12_msp_155$	Riptortus sp_bbfr12_msp_155
    1$_NO_HIGHERTAXON$Roebournea sp_bbned11msp013$	Roebournea sp_bbned11msp013
   18$_NO_HIGHERTAXON$Sangarius paradoxus$	Sangarius sp_ms_paradoxus
    4$_NO_HIGHERTAXON$Saturniomiris sp_ms_australicus$	Saturniomiris sp_ms_australicus
   12$_NO_HIGHERTAXON$Schizopteromiris sp.$	Schizopteromiris sp.
    2$_NO_HIGHERTAXON$Sciocoris obscurus$	Sciocoris sp_ms_obscurus
    3$_NO_HIGHERTAXON$Sciomenida mcfarlandi$	Sciomenida sp_ms_mcfarlandi
   18$_NO_HIGHERTAXON$Sejanus brittoni$	Sejanus sp_ms_brittoni
   80$_NO_HIGHERTAXON$Setocoris bybliphilus$	Setocoris sp_ms_bybliphilus
  268$_NO_HIGHERTAXON$Setocoris droserae$	Setocoris sp_ms_droserae
  103$_NO_HIGHERTAXON$Setocoris russelli$	Setocoris sp_ms_russelli
  172$_NO_HIGHERTAXON$Setocoris sp_a$	Setocoris sp_a
   31$_NO_HIGHERTAXON$Setocoris sp_ms_andersoniana$	Setocoris sp_ms_andersoniana
  138$_NO_HIGHERTAXON$Setocoris sp_ms_decalbandtata$	Setocoris sp_ms_decalbandtata
    4$_NO_HIGHERTAXON$Setocoris sp_ms_dimorpha$	Setocoris sp_ms_dimorpha
   14$_NO_HIGHERTAXON$Setocoris sp_ms_flexoptera$	Setocoris sp_ms_flexoptera
   13$_NO_HIGHERTAXON$Setocoris sp_ms_germani$	Setocoris sp_ms_germani
   15$_NO_HIGHERTAXON$Setocoris sp_ms_kalbarri$	Setocoris sp_ms_kalbarri
    9$_NO_HIGHERTAXON$Setocoris sp_ms_limatus$	Setocoris sp_ms_limatus
  353$_NO_HIGHERTAXON$Setocoris sp_ms_monteithi$	Setocoris sp_ms_monteithi
   13$_NO_HIGHERTAXON$Setocoris sp_ms_neesi$	Setocoris sp_ms_neesi
   11$_NO_HIGHERTAXON$Setocoris sp_ms_pleuriomos$	Setocoris sp_ms_pleuriomos
   66$_NO_HIGHERTAXON$Setocoris sp_ms_rorellae$	Setocoris sp_ms_rorellae
    4$_NO_HIGHERTAXON$Setocoris sp_ms_slateri$	Setocoris sp_ms_slateri
   43$_NO_HIGHERTAXON$Setocoris sp_ms_weiri$	Setocoris sp_ms_weiri
  163$_NO_HIGHERTAXON$Sidnia kinbergi$	Sidnia sp_ms_kinbergi
    6$_NO_HIGHERTAXON$Singhalesia sp_bbfr_msp111$	Singhalesia sp_bbfr_msp111
  422$_NO_HIGHERTAXON$Singhalesia sp_n_sp_1$	Singhalesia sp_n_sp_1
    4$_NO_HIGHERTAXON$Singhalesia sp_n_sp_2$	Singhalesia sp_n_sp_2
    2$_NO_HIGHERTAXON$Singhalesia sp_n_sp_3$	Singhalesia sp_n_sp_3
    2$_NO_HIGHERTAXON$Slaterellus hackeri$	Slaterellus sp_ms_hackeri
   54$_NO_HIGHERTAXON$Spermatodes australis$	Spermatodes sp_ms_australis
    4$_NO_HIGHERTAXON$Spilostethus pacificus$	Spilostethus sp_ms_pacificus
   40$_NO_HIGHERTAXON$Stauralia chloracantha$	Stauralia sp_ms_chloracantha
   18$_NO_HIGHERTAXON$Stauralia compuncta$	Stauralia sp_ms_compuncta
    2$_NO_HIGHERTAXON$Stauralia sp.$	Stauralia sp.
   17$_NO_HIGHERTAXON$Stauralia sp_ms_ferruginea$	Stauralia sp_ms_ferruginea
    2$_NO_HIGHERTAXON$Stauralia sp_ms_goweria$	Stauralia sp_ms_goweria
   10$_NO_HIGHERTAXON$Stenophlegyas woodwardi$	Stenophlegyas sp_ms_woodwardi
  252$_NO_HIGHERTAXON$Stenophyella macreta$	Stenophyella sp_ms_macreta
   25$_NO_HIGHERTAXON$Stenotus sp_bbfr12_msp_141$	Stenotus sp_bbfr12_msp_141
   25$_NO_HIGHERTAXON$Stenozygum meridionale$	Stenozygum sp_ms_meridionale
    4$_NO_HIGHERTAXON$Stenozygum miniatulum$	Stenozygum sp_ms_miniatulum
    7$_NO_HIGHERTAXON$Stenozygum sp_1$	Stenozygum sp_1
   15$_NO_HIGHERTAXON$Stephanitis queenslandensis$	Stephanitis sp_ms_queenslandensis
    4$_NO_HIGHERTAXON$Stephanitis sp_02$	Stephanitis sp_02
    1$_NO_HIGHERTAXON$Stephanitis sp_04$	Stephanitis sp_04
   10$_NO_HIGHERTAXON$Stephanitis typica$	Stephanitis sp_ms_typica
    1$_NO_HIGHERTAXON$Stigmatonotum geniculatum$	Stigmatonotum sp_ms_geniculatum
    1$_NO_HIGHERTAXON$Stylogeocoris biroi$	Stylogeocoris sp_ms_biroi
    1$_NO_HIGHERTAXON$Stylogeocoris elongatus$	Stylogeocoris sp_ms_elongatus
    3$_NO_HIGHERTAXON$Stylogeocoris maculatus$	Stylogeocoris sp_ms_maculatus
    1$_NO_HIGHERTAXON$Stylogeocoris sp_a$	Stylogeocoris sp_a
   30$_NO_HIGHERTAXON$Stylogeocoris sp_nsp$	Stylogeocoris sp_nsp
    3$_NO_HIGHERTAXON$Swaustraltingis isobellae$	Swaustraltingis sp_ms_isobellae
    1$_NO_HIGHERTAXON$Swaustraltingis sp_n_sp_qld$	Swaustraltingis sp_n_sp_qld
   42$_NO_HIGHERTAXON$Swaustraltingis sp_n_sp_wa$	Swaustraltingis sp_n_sp_wa
   26$_NO_HIGHERTAXON$Tanybyrsa ampliata$	Tanybyrsa sp_ms_ampliata
   14$_NO_HIGHERTAXON$Tanybyrsa secunda$	Tanybyrsa sp_ms_secunda
    4$_NO_HIGHERTAXON$Taylorilygus apicalis$	Taylorilygus sp_ms_apicalis
    1$_NO_HIGHERTAXON$Teleonemia scrupulosa$	Teleonemia sp_ms_scrupulosa
    2$_NO_HIGHERTAXON$Termatophylina indiana$	Termatophylina sp_ms_indiana
    3$_NO_HIGHERTAXON$Thaumastocoris peregrinus$	Thaumastocoris sp_ms_peregrinus
   16$_NO_HIGHERTAXON$Thaumastocoris petilus$	Thaumastocoris sp_ms_petilus
   10$_NO_HIGHERTAXON$Tholosanus proximus$	Tholosanus sp_ms_proximus
    2$_NO_HIGHERTAXON$Tholosanus sp.$	Tholosanus sp.
   14$_NO_HIGHERTAXON$Tinginotum sp_nabb13msp102$	Tinginotum sp_nabb13msp102
    1$_NO_HIGHERTAXON$Tingis hurdae$	Tingis sp_ms_hurdae
    2$_NO_HIGHERTAXON$Tingis sp_bbfr12_msp_084$	Tingis sp_bbfr12_msp_084
    2$_NO_HIGHERTAXON$Tingis sp_ms_charlottespass$	Tingis sp_ms_charlottespass
    1$_NO_HIGHERTAXON$Tingis sp_ms_mtgower$	Tingis sp_ms_mtgower
    2$_NO_HIGHERTAXON$Tingis sp_ms_nr_hurdae$	Tingis sp_ms_nr_hurdae
    3$_NO_HIGHERTAXON$Tingis sp_nt$	Tingis sp_nt
    1$_NO_HIGHERTAXON$Tsirkocoris elector$	Tsirkocoris sp_ms_elector
   21$_NO_HIGHERTAXON$Tylocryptus eugenus$	Tylocryptus sp_ms_eugenus
    1$_NO_HIGHERTAXON$Udeocoris sp$	Udeocoris sp
   28$_NO_HIGHERTAXON$Udeocoris sp_bbned11msp029$	Udeocoris sp_bbned11msp029
   27$_NO_HIGHERTAXON$Ulonemia sp_n_kimberley$	Ulonemia sp_n_kimberley
    1$_NO_HIGHERTAXON$Unknown sp_27$	Unknown sp_27
    2$_NO_HIGHERTAXON$Unknown sp_28$	Unknown sp_28
    1$_NO_HIGHERTAXON$Unknown sp_29$	Unknown sp_29
    1$_NO_HIGHERTAXON$Unknown sp_8$	Unknown sp_8
    1$_NO_HIGHERTAXON$Unknown sp_bbcre11msp136$	Unknown sp_bbcre11msp136
    1$_NO_HIGHERTAXON$Unknown sp_bbfr12_msp_009$	Unknown sp_bbfr12_msp_009
    1$_NO_HIGHERTAXON$Unknown sp_bbfr12_msp_010$	Unknown sp_bbfr12_msp_010
   55$_NO_HIGHERTAXON$Urentius sarinae$	Urentius sp_ms_sarinae
  148$_NO_HIGHERTAXON$Urentius sp_ms_meedo$	Urentius sp_ms_meedo
    3$_NO_HIGHERTAXON$Utheria sp_bbcre11msp128$	Utheria sp_bbcre11msp128
   42$_NO_HIGHERTAXON$Vanniopsis howense$	Vanniopsis sp_ms_howense
    3$_NO_HIGHERTAXON$Vanniusoides melafrons$	Vanniusoides sp_ms_melafrons
    6$_NO_HIGHERTAXON$Wallabicoris sp_bbcre11msp084$	Wallabicoris sp_bbcre11msp084
   81$_NO_HIGHERTAXON$Wallabicoris sp_bbcre11msp086$	Wallabicoris sp_bbcre11msp086
    2$_NO_HIGHERTAXON$Wallabicoris sp_bbcre11msp098$	Wallabicoris sp_bbcre11msp098
   55$_NO_HIGHERTAXON$Watarrkamiris pallidus$	Watarrkamiris sp_ms_pallidus
    7$_NO_HIGHERTAXON$Watarrkamiris sp_bbculgoamsp061$	Watarrkamiris sp_bbculgoamsp061
   20$_NO_HIGHERTAXON$Watarrkamiris sp_n_sp_1$	Watarrkamiris sp_n_sp_1
  291$_NO_HIGHERTAXON$Witchelinamiris mchughi$	Witchelinamiris sp_ms_mchughi
   45$_NO_HIGHERTAXON$Witchelinamiris sp.$	Witchelinamiris sp.
   26$_NO_HIGHERTAXON$Witchelinamiris sp_wa0909msp096$	Witchelinamiris sp_wa0909msp096
   64$_NO_HIGHERTAXON$Witchelinamiris viridimaculatus$	Witchelinamiris sp_ms_viridimaculatus
   10$_NO_HIGHERTAXON$Woodwardiola antennata$	Woodwardiola sp_ms_antennata
  106$_NO_HIGHERTAXON$Woodwardiola sp$	Woodwardiola sp
   23$_NO_HIGHERTAXON$Woodwardiola sp_ms_lomandrae$	Woodwardiola sp_ms_lomandrae
   44$_NO_HIGHERTAXON$Woodwardiola sp_s001$	Woodwardiola sp_s001
   56$_NO_HIGHERTAXON$Xenocylapidius sp.$	Xenocylapidius sp.
    6$_NO_HIGHERTAXON$Zanchius sp.$	Zanchius sp.
   30$_NO_HIGHERTAXON$Zanessa pictulifer$	Zanessa sp_ms_pictulifer
   49$_NO_HIGHERTAXON$Zanessa sp.$	Zanessa sp.
    1$_NO_HIGHERTAXON$Zanessa sp_bbcht14msp042$	Zanessa sp_bbcht14msp042
   17$_NO_HIGHERTAXON$Zanessa sp_msp013$	Zanessa sp_msp013
    1$_NO_HIGHERTAXON$Zanessa sp_nabb13msp104$	Zanessa sp_nabb13msp104
    1$_NO_HIGHERTAXON$delacampius sp_bbfr12_msp_044$	delacampius sp_bbfr12_msp_044
    2$_NO_HIGHERTAXON$gen_ms_Australotopus sp_ms_cooperi$	gen_ms_Australotopus sp_ms_cooperi
   15$_NO_HIGHERTAXON$gen_nov_brachypterous sp.$	gen_nov_brachypterous sp.
    3$_NO_HIGHERTAXON$unknown sp_bbcre11msp078$	unknown sp_bbcre11msp078
    2$_NO_HIGHERTAXON$unknown sp_bbcre11msp079$	unknown sp_bbcre11msp079
    2$_NO_HIGHERTAXON$unknown sp_bbcre11msp080$	unknown sp_bbcre11msp080
    4$_NO_HIGHERTAXON$unknown sp_bbcre11msp081$	unknown sp_bbcre11msp081
    1$_NO_HIGHERTAXON$unknown sp_bbcre11msp082$	unknown sp_bbcre11msp082
    4$_NO_HIGHERTAXON$unknown sp_bbcre11msp083$	unknown sp_bbcre11msp083
    1$_NO_HIGHERTAXON$unknown sp_bbned11msp034$	unknown sp_bbned11msp034
    1$_NO_HIGHERTAXON$unknown sp_bbned11msp035$	unknown sp_bbned11msp035
    2$_NO_HIGHERTAXON$unknown sp_bbned11msp036$	unknown sp_bbned11msp036
